insert into Friends (FriendID, FriendWhoAdded, FriendBeingAdded, IsAccepted, DateAdded) values (1, 1, 89, false, '09/18/1990');
insert into Friends (FriendID, FriendWhoAdded, FriendBeingAdded, IsAccepted, DateAdded) values (2, 6, 12, false, '02/14/1971');
insert into Friends (FriendID, FriendWhoAdded, FriendBeingAdded, IsAccepted, DateAdded) values (3, 9, 83, true, '06/26/1996');
insert into Friends (FriendID, FriendWhoAdded, FriendBeingAdded, IsAccepted, DateAdded) values (4, 87, 25, false, '10/11/1998');
insert into Friends (FriendID, FriendWhoAdded, FriendBeingAdded, IsAccepted, DateAdded) values (5, 14, 17, true, '08/27/1966');
insert into Friends (FriendID, FriendWhoAdded, FriendBeingAdded, IsAccepted, DateAdded) values (6, 1, 71, false, '05/25/2021');
insert into Friends (FriendID, FriendWhoAdded, FriendBeingAdded, IsAccepted, DateAdded) values (7, 17, 28, true, '12/07/1993');
insert into Friends (FriendID, FriendWhoAdded, FriendBeingAdded, IsAccepted, DateAdded) values (8, 75, 65, false, '09/14/1998');
insert into Friends (FriendID, FriendWhoAdded, FriendBeingAdded, IsAccepted, DateAdded) values (9, 74, 94, true, '06/28/1964');
insert into Friends (FriendID, FriendWhoAdded, FriendBeingAdded, IsAccepted, DateAdded) values (10, 79, 46, true, '01/01/1979');
insert into Friends (FriendID, FriendWhoAdded, FriendBeingAdded, IsAccepted, DateAdded) values (11, 9, 90, true, '09/12/1986');
insert into Friends (FriendID, FriendWhoAdded, FriendBeingAdded, IsAccepted, DateAdded) values (12, 50, 2, false, '10/15/1977');
insert into Friends (FriendID, FriendWhoAdded, FriendBeingAdded, IsAccepted, DateAdded) values (13, 42, 39, true, '04/27/1970');
insert into Friends (FriendID, FriendWhoAdded, FriendBeingAdded, IsAccepted, DateAdded) values (14, 50, 95, true, '10/19/1969');
insert into Friends (FriendID, FriendWhoAdded, FriendBeingAdded, IsAccepted, DateAdded) values (15, 20, 27, false, '05/05/2015');
insert into Friends (FriendID, FriendWhoAdded, FriendBeingAdded, IsAccepted, DateAdded) values (16, 46, 47, false, '09/15/2007');
insert into Friends (FriendID, FriendWhoAdded, FriendBeingAdded, IsAccepted, DateAdded) values (17, 56, 92, false, '06/15/1982');
insert into Friends (FriendID, FriendWhoAdded, FriendBeingAdded, IsAccepted, DateAdded) values (18, 11, 51, true, '07/28/2016');
insert into Friends (FriendID, FriendWhoAdded, FriendBeingAdded, IsAccepted, DateAdded) values (19, 54, 21, true, '05/26/1994');
insert into Friends (FriendID, FriendWhoAdded, FriendBeingAdded, IsAccepted, DateAdded) values (20, 40, 6, true, '09/16/2017');
insert into Friends (FriendID, FriendWhoAdded, FriendBeingAdded, IsAccepted, DateAdded) values (21, 97, 79, true, '07/18/2024');
insert into Friends (FriendID, FriendWhoAdded, FriendBeingAdded, IsAccepted, DateAdded) values (22, 16, 46, false, '07/13/1992');
insert into Friends (FriendID, FriendWhoAdded, FriendBeingAdded, IsAccepted, DateAdded) values (23, 23, 85, true, '09/20/2001');
insert into Friends (FriendID, FriendWhoAdded, FriendBeingAdded, IsAccepted, DateAdded) values (24, 25, 9, true, '04/30/1980');
insert into Friends (FriendID, FriendWhoAdded, FriendBeingAdded, IsAccepted, DateAdded) values (25, 53, 66, true, '10/06/2020');
insert into Friends (FriendID, FriendWhoAdded, FriendBeingAdded, IsAccepted, DateAdded) values (26, 20, 41, false, '03/12/2021');
insert into Friends (FriendID, FriendWhoAdded, FriendBeingAdded, IsAccepted, DateAdded) values (27, 70, 2, true, '06/30/1969');
insert into Friends (FriendID, FriendWhoAdded, FriendBeingAdded, IsAccepted, DateAdded) values (28, 38, 85, false, '10/25/2017');
insert into Friends (FriendID, FriendWhoAdded, FriendBeingAdded, IsAccepted, DateAdded) values (29, 12, 3, false, '11/08/1986');
insert into Friends (FriendID, FriendWhoAdded, FriendBeingAdded, IsAccepted, DateAdded) values (30, 34, 63, false, '09/11/1992');
insert into Friends (FriendID, FriendWhoAdded, FriendBeingAdded, IsAccepted, DateAdded) values (31, 5, 31, false, '06/28/2002');
insert into Friends (FriendID, FriendWhoAdded, FriendBeingAdded, IsAccepted, DateAdded) values (32, 96, 73, true, '05/07/1982');
insert into Friends (FriendID, FriendWhoAdded, FriendBeingAdded, IsAccepted, DateAdded) values (33, 57, 22, true, '02/10/1967');
insert into Friends (FriendID, FriendWhoAdded, FriendBeingAdded, IsAccepted, DateAdded) values (34, 18, 76, true, '01/06/1995');
insert into Friends (FriendID, FriendWhoAdded, FriendBeingAdded, IsAccepted, DateAdded) values (35, 16, 16, false, '05/16/2023');
insert into Friends (FriendID, FriendWhoAdded, FriendBeingAdded, IsAccepted, DateAdded) values (36, 81, 72, false, '04/24/2011');
insert into Friends (FriendID, FriendWhoAdded, FriendBeingAdded, IsAccepted, DateAdded) values (37, 96, 52, false, '04/30/1999');
insert into Friends (FriendID, FriendWhoAdded, FriendBeingAdded, IsAccepted, DateAdded) values (38, 41, 11, false, '01/03/2012');
insert into Friends (FriendID, FriendWhoAdded, FriendBeingAdded, IsAccepted, DateAdded) values (39, 68, 49, true, '12/19/2011');
insert into Friends (FriendID, FriendWhoAdded, FriendBeingAdded, IsAccepted, DateAdded) values (40, 18, 70, false, '03/29/1982');
insert into Friends (FriendID, FriendWhoAdded, FriendBeingAdded, IsAccepted, DateAdded) values (41, 66, 12, false, '12/16/1967');
insert into Friends (FriendID, FriendWhoAdded, FriendBeingAdded, IsAccepted, DateAdded) values (42, 23, 31, false, '05/23/2002');
insert into Friends (FriendID, FriendWhoAdded, FriendBeingAdded, IsAccepted, DateAdded) values (43, 23, 40, true, '01/13/2010');
insert into Friends (FriendID, FriendWhoAdded, FriendBeingAdded, IsAccepted, DateAdded) values (44, 12, 85, false, '11/05/2020');
insert into Friends (FriendID, FriendWhoAdded, FriendBeingAdded, IsAccepted, DateAdded) values (45, 24, 55, false, '05/27/1982');
insert into Friends (FriendID, FriendWhoAdded, FriendBeingAdded, IsAccepted, DateAdded) values (46, 77, 65, false, '01/25/1981');
insert into Friends (FriendID, FriendWhoAdded, FriendBeingAdded, IsAccepted, DateAdded) values (47, 43, 45, false, '03/25/2012');
insert into Friends (FriendID, FriendWhoAdded, FriendBeingAdded, IsAccepted, DateAdded) values (48, 95, 14, true, '12/01/2022');
insert into Friends (FriendID, FriendWhoAdded, FriendBeingAdded, IsAccepted, DateAdded) values (49, 3, 31, false, '11/17/1978');
insert into Friends (FriendID, FriendWhoAdded, FriendBeingAdded, IsAccepted, DateAdded) values (50, 75, 80, false, '04/30/1984');
insert into Friends (FriendID, FriendWhoAdded, FriendBeingAdded, IsAccepted, DateAdded) values (51, 78, 84, true, '06/22/2005');
insert into Friends (FriendID, FriendWhoAdded, FriendBeingAdded, IsAccepted, DateAdded) values (52, 13, 27, true, '12/15/1966');
insert into Friends (FriendID, FriendWhoAdded, FriendBeingAdded, IsAccepted, DateAdded) values (53, 49, 73, true, '03/09/2013');
insert into Friends (FriendID, FriendWhoAdded, FriendBeingAdded, IsAccepted, DateAdded) values (54, 87, 75, true, '07/03/1984');
insert into Friends (FriendID, FriendWhoAdded, FriendBeingAdded, IsAccepted, DateAdded) values (55, 4, 34, true, '12/27/1961');
insert into Friends (FriendID, FriendWhoAdded, FriendBeingAdded, IsAccepted, DateAdded) values (56, 86, 96, true, '10/24/1989');
insert into Friends (FriendID, FriendWhoAdded, FriendBeingAdded, IsAccepted, DateAdded) values (57, 33, 49, true, '06/07/2005');
insert into Friends (FriendID, FriendWhoAdded, FriendBeingAdded, IsAccepted, DateAdded) values (58, 20, 15, false, '05/03/1986');
insert into Friends (FriendID, FriendWhoAdded, FriendBeingAdded, IsAccepted, DateAdded) values (59, 53, 87, true, '08/11/1966');
insert into Friends (FriendID, FriendWhoAdded, FriendBeingAdded, IsAccepted, DateAdded) values (60, 31, 12, true, '01/26/1968');
insert into Friends (FriendID, FriendWhoAdded, FriendBeingAdded, IsAccepted, DateAdded) values (61, 50, 34, true, '04/10/2024');
insert into Friends (FriendID, FriendWhoAdded, FriendBeingAdded, IsAccepted, DateAdded) values (62, 92, 43, false, '03/25/2022');
insert into Friends (FriendID, FriendWhoAdded, FriendBeingAdded, IsAccepted, DateAdded) values (63, 8, 71, false, '12/16/1967');
insert into Friends (FriendID, FriendWhoAdded, FriendBeingAdded, IsAccepted, DateAdded) values (64, 13, 84, false, '01/09/1979');
insert into Friends (FriendID, FriendWhoAdded, FriendBeingAdded, IsAccepted, DateAdded) values (65, 54, 81, true, '06/14/1972');
insert into Friends (FriendID, FriendWhoAdded, FriendBeingAdded, IsAccepted, DateAdded) values (66, 82, 28, false, '11/02/1981');
insert into Friends (FriendID, FriendWhoAdded, FriendBeingAdded, IsAccepted, DateAdded) values (67, 20, 16, true, '05/14/2000');
insert into Friends (FriendID, FriendWhoAdded, FriendBeingAdded, IsAccepted, DateAdded) values (68, 14, 30, true, '07/03/1988');
insert into Friends (FriendID, FriendWhoAdded, FriendBeingAdded, IsAccepted, DateAdded) values (69, 80, 96, true, '02/04/1977');
insert into Friends (FriendID, FriendWhoAdded, FriendBeingAdded, IsAccepted, DateAdded) values (70, 94, 25, false, '01/29/2009');
insert into Friends (FriendID, FriendWhoAdded, FriendBeingAdded, IsAccepted, DateAdded) values (71, 18, 86, true, '05/31/2002');
insert into Friends (FriendID, FriendWhoAdded, FriendBeingAdded, IsAccepted, DateAdded) values (72, 14, 86, true, '08/06/1984');
insert into Friends (FriendID, FriendWhoAdded, FriendBeingAdded, IsAccepted, DateAdded) values (73, 62, 54, true, '04/04/1975');
insert into Friends (FriendID, FriendWhoAdded, FriendBeingAdded, IsAccepted, DateAdded) values (74, 48, 27, false, '03/08/1964');
insert into Friends (FriendID, FriendWhoAdded, FriendBeingAdded, IsAccepted, DateAdded) values (75, 90, 7, true, '10/23/2005');
insert into Friends (FriendID, FriendWhoAdded, FriendBeingAdded, IsAccepted, DateAdded) values (76, 81, 22, false, '05/25/1976');
insert into Friends (FriendID, FriendWhoAdded, FriendBeingAdded, IsAccepted, DateAdded) values (77, 27, 94, true, '07/31/1975');
insert into Friends (FriendID, FriendWhoAdded, FriendBeingAdded, IsAccepted, DateAdded) values (78, 72, 12, true, '01/31/2005');
insert into Friends (FriendID, FriendWhoAdded, FriendBeingAdded, IsAccepted, DateAdded) values (79, 82, 36, true, '05/23/1962');
insert into Friends (FriendID, FriendWhoAdded, FriendBeingAdded, IsAccepted, DateAdded) values (80, 35, 81, true, '02/16/1990');
insert into Friends (FriendID, FriendWhoAdded, FriendBeingAdded, IsAccepted, DateAdded) values (81, 15, 99, false, '04/14/1999');
insert into Friends (FriendID, FriendWhoAdded, FriendBeingAdded, IsAccepted, DateAdded) values (82, 44, 86, false, '04/17/2022');
insert into Friends (FriendID, FriendWhoAdded, FriendBeingAdded, IsAccepted, DateAdded) values (83, 25, 10, true, '07/04/1988');
insert into Friends (FriendID, FriendWhoAdded, FriendBeingAdded, IsAccepted, DateAdded) values (84, 25, 43, false, '07/17/2011');
insert into Friends (FriendID, FriendWhoAdded, FriendBeingAdded, IsAccepted, DateAdded) values (85, 7, 80, false, '09/16/2003');
insert into Friends (FriendID, FriendWhoAdded, FriendBeingAdded, IsAccepted, DateAdded) values (86, 82, 59, true, '08/28/1983');
insert into Friends (FriendID, FriendWhoAdded, FriendBeingAdded, IsAccepted, DateAdded) values (87, 94, 25, true, '10/14/1963');
insert into Friends (FriendID, FriendWhoAdded, FriendBeingAdded, IsAccepted, DateAdded) values (88, 65, 82, false, '04/01/2010');
insert into Friends (FriendID, FriendWhoAdded, FriendBeingAdded, IsAccepted, DateAdded) values (89, 59, 1, true, '05/08/1965');
insert into Friends (FriendID, FriendWhoAdded, FriendBeingAdded, IsAccepted, DateAdded) values (90, 74, 69, false, '03/06/1970');
insert into Friends (FriendID, FriendWhoAdded, FriendBeingAdded, IsAccepted, DateAdded) values (91, 18, 99, true, '12/20/2020');
insert into Friends (FriendID, FriendWhoAdded, FriendBeingAdded, IsAccepted, DateAdded) values (92, 31, 96, true, '10/30/1991');
insert into Friends (FriendID, FriendWhoAdded, FriendBeingAdded, IsAccepted, DateAdded) values (93, 2, 40, false, '10/21/2009');
insert into Friends (FriendID, FriendWhoAdded, FriendBeingAdded, IsAccepted, DateAdded) values (94, 82, 9, true, '08/26/2001');
insert into Friends (FriendID, FriendWhoAdded, FriendBeingAdded, IsAccepted, DateAdded) values (95, 95, 1, false, '04/04/2013');
insert into Friends (FriendID, FriendWhoAdded, FriendBeingAdded, IsAccepted, DateAdded) values (96, 39, 20, false, '11/26/1997');
insert into Friends (FriendID, FriendWhoAdded, FriendBeingAdded, IsAccepted, DateAdded) values (97, 13, 41, true, '02/18/1977');
insert into Friends (FriendID, FriendWhoAdded, FriendBeingAdded, IsAccepted, DateAdded) values (98, 96, 40, false, '12/04/1993');
insert into Friends (FriendID, FriendWhoAdded, FriendBeingAdded, IsAccepted, DateAdded) values (99, 100, 38, false, '01/19/2015');
insert into Friends (FriendID, FriendWhoAdded, FriendBeingAdded, IsAccepted, DateAdded) values (100, 38, 22, false, '05/06/1969');
-- ////////////
insert into GroupMembershipRequests  (GroupMemberShipRequestsID, GroupID, GroupMemberUserID, IsGroupMemberShipAccepted, DateAccepted) values (1, 3, 35, true, '12/20/2017');
insert into GroupMembershipRequests  (GroupMemberShipRequestsID, GroupID, GroupMemberUserID, IsGroupMemberShipAccepted, DateAccepted) values (2, 36, 79, false, '09/18/1962');
insert into GroupMembershipRequests  (GroupMemberShipRequestsID, GroupID, GroupMemberUserID, IsGroupMemberShipAccepted, DateAccepted) values (3, 74, 26, true, '02/23/1995');
insert into GroupMembershipRequests  (GroupMemberShipRequestsID, GroupID, GroupMemberUserID, IsGroupMemberShipAccepted, DateAccepted) values (4, 45, 18, true, '08/01/1969');
insert into GroupMembershipRequests  (GroupMemberShipRequestsID, GroupID, GroupMemberUserID, IsGroupMemberShipAccepted, DateAccepted) values (5, 64, 18, false, '05/02/1987');
insert into GroupMembershipRequests  (GroupMemberShipRequestsID, GroupID, GroupMemberUserID, IsGroupMemberShipAccepted, DateAccepted) values (6, 63, 3, false, '01/13/1985');
insert into GroupMembershipRequests  (GroupMemberShipRequestsID, GroupID, GroupMemberUserID, IsGroupMemberShipAccepted, DateAccepted) values (7, 54, 65, false, '05/06/1994');
insert into GroupMembershipRequests  (GroupMemberShipRequestsID, GroupID, GroupMemberUserID, IsGroupMemberShipAccepted, DateAccepted) values (8, 65, 74, true, '01/25/1967');
insert into GroupMembershipRequests  (GroupMemberShipRequestsID, GroupID, GroupMemberUserID, IsGroupMemberShipAccepted, DateAccepted) values (9, 33, 73, false, '08/31/2015');
insert into GroupMembershipRequests  (GroupMemberShipRequestsID, GroupID, GroupMemberUserID, IsGroupMemberShipAccepted, DateAccepted) values (10, 44, 14, true, '03/08/1995');
insert into GroupMembershipRequests  (GroupMemberShipRequestsID, GroupID, GroupMemberUserID, IsGroupMemberShipAccepted, DateAccepted) values (11, 96, 15, false, '02/18/1968');
insert into GroupMembershipRequests  (GroupMemberShipRequestsID, GroupID, GroupMemberUserID, IsGroupMemberShipAccepted, DateAccepted) values (12, 25, 15, true, '04/03/1968');
insert into GroupMembershipRequests  (GroupMemberShipRequestsID, GroupID, GroupMemberUserID, IsGroupMemberShipAccepted, DateAccepted) values (13, 98, 7, true, '12/18/1987');
insert into GroupMembershipRequests  (GroupMemberShipRequestsID, GroupID, GroupMemberUserID, IsGroupMemberShipAccepted, DateAccepted) values (14, 82, 23, true, '12/19/1963');
insert into GroupMembershipRequests  (GroupMemberShipRequestsID, GroupID, GroupMemberUserID, IsGroupMemberShipAccepted, DateAccepted) values (15, 57, 50, true, '09/16/2014');
insert into GroupMembershipRequests  (GroupMemberShipRequestsID, GroupID, GroupMemberUserID, IsGroupMemberShipAccepted, DateAccepted) values (16, 21, 70, true, '09/10/2015');
insert into GroupMembershipRequests  (GroupMemberShipRequestsID, GroupID, GroupMemberUserID, IsGroupMemberShipAccepted, DateAccepted) values (17, 93, 34, true, '08/01/2018');
insert into GroupMembershipRequests  (GroupMemberShipRequestsID, GroupID, GroupMemberUserID, IsGroupMemberShipAccepted, DateAccepted) values (18, 66, 48, true, '01/09/1997');
insert into GroupMembershipRequests  (GroupMemberShipRequestsID, GroupID, GroupMemberUserID, IsGroupMemberShipAccepted, DateAccepted) values (19, 58, 54, true, '10/11/1973');
insert into GroupMembershipRequests  (GroupMemberShipRequestsID, GroupID, GroupMemberUserID, IsGroupMemberShipAccepted, DateAccepted) values (20, 47, 17, false, '12/27/1979');
insert into GroupMembershipRequests  (GroupMemberShipRequestsID, GroupID, GroupMemberUserID, IsGroupMemberShipAccepted, DateAccepted) values (21, 50, 70, true, '08/20/1970');
insert into GroupMembershipRequests  (GroupMemberShipRequestsID, GroupID, GroupMemberUserID, IsGroupMemberShipAccepted, DateAccepted) values (22, 33, 60, false, '08/03/1996');
insert into GroupMembershipRequests  (GroupMemberShipRequestsID, GroupID, GroupMemberUserID, IsGroupMemberShipAccepted, DateAccepted) values (23, 97, 81, true, '09/03/2007');
insert into GroupMembershipRequests  (GroupMemberShipRequestsID, GroupID, GroupMemberUserID, IsGroupMemberShipAccepted, DateAccepted) values (24, 5, 5, true, '06/22/2003');
insert into GroupMembershipRequests  (GroupMemberShipRequestsID, GroupID, GroupMemberUserID, IsGroupMemberShipAccepted, DateAccepted) values (25, 74, 44, false, '03/26/2015');
insert into GroupMembershipRequests  (GroupMemberShipRequestsID, GroupID, GroupMemberUserID, IsGroupMemberShipAccepted, DateAccepted) values (26, 57, 3, false, '07/03/2011');
insert into GroupMembershipRequests  (GroupMemberShipRequestsID, GroupID, GroupMemberUserID, IsGroupMemberShipAccepted, DateAccepted) values (27, 100, 13, false, '03/21/1997');
insert into GroupMembershipRequests  (GroupMemberShipRequestsID, GroupID, GroupMemberUserID, IsGroupMemberShipAccepted, DateAccepted) values (28, 45, 46, false, '02/11/2008');
insert into GroupMembershipRequests  (GroupMemberShipRequestsID, GroupID, GroupMemberUserID, IsGroupMemberShipAccepted, DateAccepted) values (29, 98, 33, false, '07/15/1991');
insert into GroupMembershipRequests  (GroupMemberShipRequestsID, GroupID, GroupMemberUserID, IsGroupMemberShipAccepted, DateAccepted) values (30, 96, 57, false, '03/21/2008');
insert into GroupMembershipRequests  (GroupMemberShipRequestsID, GroupID, GroupMemberUserID, IsGroupMemberShipAccepted, DateAccepted) values (31, 36, 54, false, '04/09/1969');
insert into GroupMembershipRequests  (GroupMemberShipRequestsID, GroupID, GroupMemberUserID, IsGroupMemberShipAccepted, DateAccepted) values (32, 63, 83, true, '08/03/2012');
insert into GroupMembershipRequests  (GroupMemberShipRequestsID, GroupID, GroupMemberUserID, IsGroupMemberShipAccepted, DateAccepted) values (33, 91, 92, true, '07/07/2012');
insert into GroupMembershipRequests  (GroupMemberShipRequestsID, GroupID, GroupMemberUserID, IsGroupMemberShipAccepted, DateAccepted) values (34, 84, 88, true, '09/06/1973');
insert into GroupMembershipRequests  (GroupMemberShipRequestsID, GroupID, GroupMemberUserID, IsGroupMemberShipAccepted, DateAccepted) values (35, 59, 3, false, '11/15/1968');
insert into GroupMembershipRequests  (GroupMemberShipRequestsID, GroupID, GroupMemberUserID, IsGroupMemberShipAccepted, DateAccepted) values (36, 96, 71, true, '06/20/2001');
insert into GroupMembershipRequests  (GroupMemberShipRequestsID, GroupID, GroupMemberUserID, IsGroupMemberShipAccepted, DateAccepted) values (37, 10, 55, true, '07/08/1980');
insert into GroupMembershipRequests  (GroupMemberShipRequestsID, GroupID, GroupMemberUserID, IsGroupMemberShipAccepted, DateAccepted) values (38, 78, 36, true, '11/02/2013');
insert into GroupMembershipRequests  (GroupMemberShipRequestsID, GroupID, GroupMemberUserID, IsGroupMemberShipAccepted, DateAccepted) values (39, 13, 94, true, '09/25/2017');
insert into GroupMembershipRequests  (GroupMemberShipRequestsID, GroupID, GroupMemberUserID, IsGroupMemberShipAccepted, DateAccepted) values (40, 35, 55, true, '05/18/2017');
insert into GroupMembershipRequests  (GroupMemberShipRequestsID, GroupID, GroupMemberUserID, IsGroupMemberShipAccepted, DateAccepted) values (41, 57, 41, false, '03/04/1967');
insert into GroupMembershipRequests  (GroupMemberShipRequestsID, GroupID, GroupMemberUserID, IsGroupMemberShipAccepted, DateAccepted) values (42, 77, 97, false, '10/26/1971');
insert into GroupMembershipRequests  (GroupMemberShipRequestsID, GroupID, GroupMemberUserID, IsGroupMemberShipAccepted, DateAccepted) values (43, 85, 56, true, '02/26/1982');
insert into GroupMembershipRequests  (GroupMemberShipRequestsID, GroupID, GroupMemberUserID, IsGroupMemberShipAccepted, DateAccepted) values (44, 23, 40, true, '10/03/1979');
insert into GroupMembershipRequests  (GroupMemberShipRequestsID, GroupID, GroupMemberUserID, IsGroupMemberShipAccepted, DateAccepted) values (45, 2, 2, false, '02/08/1988');
insert into GroupMembershipRequests  (GroupMemberShipRequestsID, GroupID, GroupMemberUserID, IsGroupMemberShipAccepted, DateAccepted) values (46, 63, 26, false, '07/20/2018');
insert into GroupMembershipRequests  (GroupMemberShipRequestsID, GroupID, GroupMemberUserID, IsGroupMemberShipAccepted, DateAccepted) values (47, 36, 29, false, '08/06/2009');
insert into GroupMembershipRequests  (GroupMemberShipRequestsID, GroupID, GroupMemberUserID, IsGroupMemberShipAccepted, DateAccepted) values (48, 18, 65, false, '05/25/1970');
insert into GroupMembershipRequests  (GroupMemberShipRequestsID, GroupID, GroupMemberUserID, IsGroupMemberShipAccepted, DateAccepted) values (49, 70, 30, true, '01/19/1995');
insert into GroupMembershipRequests  (GroupMemberShipRequestsID, GroupID, GroupMemberUserID, IsGroupMemberShipAccepted, DateAccepted) values (50, 24, 69, false, '03/06/1970');
insert into GroupMembershipRequests  (GroupMemberShipRequestsID, GroupID, GroupMemberUserID, IsGroupMemberShipAccepted, DateAccepted) values (51, 3, 85, true, '10/25/1971');
insert into GroupMembershipRequests  (GroupMemberShipRequestsID, GroupID, GroupMemberUserID, IsGroupMemberShipAccepted, DateAccepted) values (52, 61, 78, true, '05/05/1986');
insert into GroupMembershipRequests  (GroupMemberShipRequestsID, GroupID, GroupMemberUserID, IsGroupMemberShipAccepted, DateAccepted) values (53, 12, 9, true, '06/19/2000');
insert into GroupMembershipRequests  (GroupMemberShipRequestsID, GroupID, GroupMemberUserID, IsGroupMemberShipAccepted, DateAccepted) values (54, 70, 80, true, '08/10/1966');
insert into GroupMembershipRequests  (GroupMemberShipRequestsID, GroupID, GroupMemberUserID, IsGroupMemberShipAccepted, DateAccepted) values (55, 98, 70, true, '09/05/1979');
insert into GroupMembershipRequests  (GroupMemberShipRequestsID, GroupID, GroupMemberUserID, IsGroupMemberShipAccepted, DateAccepted) values (56, 41, 86, true, '10/07/2020');
insert into GroupMembershipRequests  (GroupMemberShipRequestsID, GroupID, GroupMemberUserID, IsGroupMemberShipAccepted, DateAccepted) values (57, 77, 77, false, '04/28/1961');
insert into GroupMembershipRequests  (GroupMemberShipRequestsID, GroupID, GroupMemberUserID, IsGroupMemberShipAccepted, DateAccepted) values (58, 48, 70, false, '04/20/1966');
insert into GroupMembershipRequests  (GroupMemberShipRequestsID, GroupID, GroupMemberUserID, IsGroupMemberShipAccepted, DateAccepted) values (59, 80, 14, false, '03/12/1978');
insert into GroupMembershipRequests  (GroupMemberShipRequestsID, GroupID, GroupMemberUserID, IsGroupMemberShipAccepted, DateAccepted) values (60, 61, 51, true, '01/10/2005');
insert into GroupMembershipRequests  (GroupMemberShipRequestsID, GroupID, GroupMemberUserID, IsGroupMemberShipAccepted, DateAccepted) values (61, 89, 71, false, '09/20/2014');
insert into GroupMembershipRequests  (GroupMemberShipRequestsID, GroupID, GroupMemberUserID, IsGroupMemberShipAccepted, DateAccepted) values (62, 55, 60, false, '01/21/2010');
insert into GroupMembershipRequests  (GroupMemberShipRequestsID, GroupID, GroupMemberUserID, IsGroupMemberShipAccepted, DateAccepted) values (63, 21, 72, true, '11/21/1992');
insert into GroupMembershipRequests  (GroupMemberShipRequestsID, GroupID, GroupMemberUserID, IsGroupMemberShipAccepted, DateAccepted) values (64, 80, 30, false, '09/02/1999');
insert into GroupMembershipRequests  (GroupMemberShipRequestsID, GroupID, GroupMemberUserID, IsGroupMemberShipAccepted, DateAccepted) values (65, 84, 56, false, '11/04/1966');
insert into GroupMembershipRequests  (GroupMemberShipRequestsID, GroupID, GroupMemberUserID, IsGroupMemberShipAccepted, DateAccepted) values (66, 61, 82, false, '02/08/1978');
insert into GroupMembershipRequests  (GroupMemberShipRequestsID, GroupID, GroupMemberUserID, IsGroupMemberShipAccepted, DateAccepted) values (67, 39, 99, true, '09/01/1995');
insert into GroupMembershipRequests  (GroupMemberShipRequestsID, GroupID, GroupMemberUserID, IsGroupMemberShipAccepted, DateAccepted) values (68, 97, 89, false, '09/17/1984');
insert into GroupMembershipRequests  (GroupMemberShipRequestsID, GroupID, GroupMemberUserID, IsGroupMemberShipAccepted, DateAccepted) values (69, 97, 31, false, '04/21/1962');
insert into GroupMembershipRequests  (GroupMemberShipRequestsID, GroupID, GroupMemberUserID, IsGroupMemberShipAccepted, DateAccepted) values (70, 38, 19, true, '03/02/2021');
insert into GroupMembershipRequests  (GroupMemberShipRequestsID, GroupID, GroupMemberUserID, IsGroupMemberShipAccepted, DateAccepted) values (71, 82, 14, false, '02/24/1964');
insert into GroupMembershipRequests  (GroupMemberShipRequestsID, GroupID, GroupMemberUserID, IsGroupMemberShipAccepted, DateAccepted) values (72, 86, 64, false, '05/20/1995');
insert into GroupMembershipRequests  (GroupMemberShipRequestsID, GroupID, GroupMemberUserID, IsGroupMemberShipAccepted, DateAccepted) values (73, 98, 34, true, '08/10/1965');
insert into GroupMembershipRequests  (GroupMemberShipRequestsID, GroupID, GroupMemberUserID, IsGroupMemberShipAccepted, DateAccepted) values (74, 68, 31, false, '01/14/2011');
insert into GroupMembershipRequests  (GroupMemberShipRequestsID, GroupID, GroupMemberUserID, IsGroupMemberShipAccepted, DateAccepted) values (75, 65, 76, false, '04/04/1980');
insert into GroupMembershipRequests  (GroupMemberShipRequestsID, GroupID, GroupMemberUserID, IsGroupMemberShipAccepted, DateAccepted) values (76, 88, 35, false, '02/05/1972');
insert into GroupMembershipRequests  (GroupMemberShipRequestsID, GroupID, GroupMemberUserID, IsGroupMemberShipAccepted, DateAccepted) values (77, 1, 100, true, '12/26/2022');
insert into GroupMembershipRequests  (GroupMemberShipRequestsID, GroupID, GroupMemberUserID, IsGroupMemberShipAccepted, DateAccepted) values (78, 56, 59, true, '09/05/1964');
insert into GroupMembershipRequests  (GroupMemberShipRequestsID, GroupID, GroupMemberUserID, IsGroupMemberShipAccepted, DateAccepted) values (79, 27, 100, false, '06/06/1992');
insert into GroupMembershipRequests  (GroupMemberShipRequestsID, GroupID, GroupMemberUserID, IsGroupMemberShipAccepted, DateAccepted) values (80, 54, 13, true, '03/08/2024');
insert into GroupMembershipRequests  (GroupMemberShipRequestsID, GroupID, GroupMemberUserID, IsGroupMemberShipAccepted, DateAccepted) values (81, 49, 36, true, '06/30/2014');
insert into GroupMembershipRequests  (GroupMemberShipRequestsID, GroupID, GroupMemberUserID, IsGroupMemberShipAccepted, DateAccepted) values (82, 34, 20, true, '08/10/2014');
insert into GroupMembershipRequests  (GroupMemberShipRequestsID, GroupID, GroupMemberUserID, IsGroupMemberShipAccepted, DateAccepted) values (83, 64, 22, true, '04/01/1991');
insert into GroupMembershipRequests  (GroupMemberShipRequestsID, GroupID, GroupMemberUserID, IsGroupMemberShipAccepted, DateAccepted) values (84, 83, 43, true, '05/18/2010');
insert into GroupMembershipRequests  (GroupMemberShipRequestsID, GroupID, GroupMemberUserID, IsGroupMemberShipAccepted, DateAccepted) values (85, 90, 43, false, '10/29/1992');
insert into GroupMembershipRequests  (GroupMemberShipRequestsID, GroupID, GroupMemberUserID, IsGroupMemberShipAccepted, DateAccepted) values (86, 29, 72, false, '02/06/1982');
insert into GroupMembershipRequests  (GroupMemberShipRequestsID, GroupID, GroupMemberUserID, IsGroupMemberShipAccepted, DateAccepted) values (87, 23, 78, false, '02/03/2001');
insert into GroupMembershipRequests  (GroupMemberShipRequestsID, GroupID, GroupMemberUserID, IsGroupMemberShipAccepted, DateAccepted) values (88, 74, 18, true, '05/29/2017');
insert into GroupMembershipRequests  (GroupMemberShipRequestsID, GroupID, GroupMemberUserID, IsGroupMemberShipAccepted, DateAccepted) values (89, 53, 68, true, '08/01/2003');
insert into GroupMembershipRequests  (GroupMemberShipRequestsID, GroupID, GroupMemberUserID, IsGroupMemberShipAccepted, DateAccepted) values (90, 80, 29, false, '11/04/2016');
insert into GroupMembershipRequests  (GroupMemberShipRequestsID, GroupID, GroupMemberUserID, IsGroupMemberShipAccepted, DateAccepted) values (91, 75, 93, false, '06/26/1980');
insert into GroupMembershipRequests  (GroupMemberShipRequestsID, GroupID, GroupMemberUserID, IsGroupMemberShipAccepted, DateAccepted) values (92, 49, 27, false, '03/13/1966');
insert into GroupMembershipRequests  (GroupMemberShipRequestsID, GroupID, GroupMemberUserID, IsGroupMemberShipAccepted, DateAccepted) values (93, 90, 60, true, '05/01/1968');
insert into GroupMembershipRequests  (GroupMemberShipRequestsID, GroupID, GroupMemberUserID, IsGroupMemberShipAccepted, DateAccepted) values (94, 95, 35, true, '01/24/1996');
insert into GroupMembershipRequests  (GroupMemberShipRequestsID, GroupID, GroupMemberUserID, IsGroupMemberShipAccepted, DateAccepted) values (95, 53, 99, false, '12/03/1999');
insert into GroupMembershipRequests  (GroupMemberShipRequestsID, GroupID, GroupMemberUserID, IsGroupMemberShipAccepted, DateAccepted) values (96, 53, 36, false, '04/26/1988');
insert into GroupMembershipRequests  (GroupMemberShipRequestsID, GroupID, GroupMemberUserID, IsGroupMemberShipAccepted, DateAccepted) values (97, 80, 37, true, '05/21/1964');
insert into GroupMembershipRequests  (GroupMemberShipRequestsID, GroupID, GroupMemberUserID, IsGroupMemberShipAccepted, DateAccepted) values (98, 85, 48, false, '03/01/1984');
insert into GroupMembershipRequests  (GroupMemberShipRequestsID, GroupID, GroupMemberUserID, IsGroupMemberShipAccepted, DateAccepted) values (99, 36, 81, false, '11/16/1989');
insert into GroupMembershipRequests  (GroupMemberShipRequestsID, GroupID, GroupMemberUserID, IsGroupMemberShipAccepted, DateAccepted) values (100, 19, 99, false, '09/16/1988');
-- ////////////////
insert into Groups (GroupID, GroupName, CreatedBy, DateAdded) values (1, 'Mauris sit amet eros. Suspendisse accumsan tortor quis turpis. Sed ante.', 48, '12/08/1983');
insert into Groups (GroupID, GroupName, CreatedBy, DateAdded) values (2, 'Curabitur at ipsum ac tellus semper interdum. Mauris ullamcorper purus sit amet nulla. Quisque arcu libero, rutrum ac, lobortis vel, dapibus at, diam.', 98, '04/30/1969');
insert into Groups (GroupID, GroupName, CreatedBy, DateAdded) values (3, 'Nunc rhoncus dui vel sem. Sed sagittis. Nam congue, risus semper porta volutpat, quam pede lobortis ligula, sit amet eleifend pede libero quis orci.', 6, '09/11/2017');
insert into Groups (GroupID, GroupName, CreatedBy, DateAdded) values (4, 'Quisque erat eros, viverra eget, congue eget, semper rutrum, nulla. Nunc purus.', 40, '12/26/1987');
insert into Groups (GroupID, GroupName, CreatedBy, DateAdded) values (5, 'Lorem ipsum dolor sit amet, consectetuer adipiscing elit. Proin interdum mauris non ligula pellentesque ultrices. Phasellus id sapien in sapien iaculis congue.', 99, '12/11/2022');
insert into Groups (GroupID, GroupName, CreatedBy, DateAdded) values (6, 'Duis aliquam convallis nunc. Proin at turpis a pede posuere nonummy.', 65, '05/27/2001');
insert into Groups (GroupID, GroupName, CreatedBy, DateAdded) values (7, 'Aenean auctor gravida sem. Praesent id massa id nisl venenatis lacinia. Aenean sit amet justo.', 88, '04/28/1968');
insert into Groups (GroupID, GroupName, CreatedBy, DateAdded) values (8, 'Maecenas pulvinar lobortis est. Phasellus sit amet erat.', 40, '12/17/1969');
insert into Groups (GroupID, GroupName, CreatedBy, DateAdded) values (9, 'Curabitur in libero ut massa volutpat convallis. Morbi odio odio, elementum eu, interdum eu, tincidunt in, leo.', 98, '06/11/2014');
insert into Groups (GroupID, GroupName, CreatedBy, DateAdded) values (10, 'Aliquam erat volutpat. In congue. Etiam justo.', 25, '01/02/2008');
insert into Groups (GroupID, GroupName, CreatedBy, DateAdded) values (11, 'Vivamus tortor. Duis mattis egestas metus.', 15, '12/08/1960');
insert into Groups (GroupID, GroupName, CreatedBy, DateAdded) values (12, 'Integer a nibh. In quis justo. Maecenas rhoncus aliquam lacus.', 72, '09/07/2005');
insert into Groups (GroupID, GroupName, CreatedBy, DateAdded) values (13, 'Donec ut dolor. Morbi vel lectus in quam fringilla rhoncus. Mauris enim leo, rhoncus sed, vestibulum sit amet, cursus id, turpis.', 50, '10/01/1972');
insert into Groups (GroupID, GroupName, CreatedBy, DateAdded) values (14, 'Integer aliquet, massa id lobortis convallis, tortor risus dapibus augue, vel accumsan tellus nisi eu orci. Mauris lacinia sapien quis libero.', 93, '11/08/1982');
insert into Groups (GroupID, GroupName, CreatedBy, DateAdded) values (15, 'Maecenas rhoncus aliquam lacus.', 95, '03/27/1989');
insert into Groups (GroupID, GroupName, CreatedBy, DateAdded) values (16, 'Fusce posuere felis sed lacus. Morbi sem mauris, laoreet ut, rhoncus aliquet, pulvinar sed, nisl. Nunc rhoncus dui vel sem.', 67, '06/03/1962');
insert into Groups (GroupID, GroupName, CreatedBy, DateAdded) values (17, 'Sed accumsan felis. Ut at dolor quis odio consequat varius.', 24, '02/20/2024');
insert into Groups (GroupID, GroupName, CreatedBy, DateAdded) values (18, 'Suspendisse potenti. Nullam porttitor lacus at turpis.', 44, '05/25/1999');
insert into Groups (GroupID, GroupName, CreatedBy, DateAdded) values (19, 'Maecenas tristique, est et tempus semper, est quam pharetra magna, ac consequat metus sapien ut nunc. Vestibulum ante ipsum primis in faucibus orci luctus et ultrices posuere cubilia Curae; Mauris viverra diam vitae quam.', 2, '06/14/1981');
insert into Groups (GroupID, GroupName, CreatedBy, DateAdded) values (20, 'Vestibulum rutrum rutrum neque. Aenean auctor gravida sem. Praesent id massa id nisl venenatis lacinia.', 9, '12/25/2009');
insert into Groups (GroupID, GroupName, CreatedBy, DateAdded) values (21, 'Praesent blandit lacinia erat. Vestibulum sed magna at nunc commodo placerat. Praesent blandit.', 43, '12/11/1993');
insert into Groups (GroupID, GroupName, CreatedBy, DateAdded) values (22, 'Proin at turpis a pede posuere nonummy.', 51, '02/01/2021');
insert into Groups (GroupID, GroupName, CreatedBy, DateAdded) values (23, 'Integer ac neque. Duis bibendum.', 60, '05/31/1994');
insert into Groups (GroupID, GroupName, CreatedBy, DateAdded) values (24, 'Nulla neque libero, convallis eget, eleifend luctus, ultricies eu, nibh. Quisque id justo sit amet sapien dignissim vestibulum. Vestibulum ante ipsum primis in faucibus orci luctus et ultrices posuere cubilia Curae; Nulla dapibus dolor vel est.', 24, '04/04/1966');
insert into Groups (GroupID, GroupName, CreatedBy, DateAdded) values (25, 'Morbi non quam nec dui luctus rutrum. Nulla tellus.', 61, '06/12/1974');
insert into Groups (GroupID, GroupName, CreatedBy, DateAdded) values (26, 'Integer a nibh. In quis justo. Maecenas rhoncus aliquam lacus.', 3, '07/15/1966');
insert into Groups (GroupID, GroupName, CreatedBy, DateAdded) values (27, 'Suspendisse accumsan tortor quis turpis.', 65, '06/16/1977');
insert into Groups (GroupID, GroupName, CreatedBy, DateAdded) values (28, 'Morbi vestibulum, velit id pretium iaculis, diam erat fermentum justo, nec condimentum neque sapien placerat ante.', 37, '11/04/1983');
insert into Groups (GroupID, GroupName, CreatedBy, DateAdded) values (29, 'In est risus, auctor sed, tristique in, tempus sit amet, sem. Fusce consequat. Nulla nisl.', 72, '08/10/2023');
insert into Groups (GroupID, GroupName, CreatedBy, DateAdded) values (30, 'Quisque porta volutpat erat. Quisque erat eros, viverra eget, congue eget, semper rutrum, nulla. Nunc purus.', 36, '03/03/2018');
insert into Groups (GroupID, GroupName, CreatedBy, DateAdded) values (31, 'Quisque porta volutpat erat.', 33, '08/14/1995');
insert into Groups (GroupID, GroupName, CreatedBy, DateAdded) values (32, 'Cras mi pede, malesuada in, imperdiet et, commodo vulputate, justo.', 65, '04/10/1962');
insert into Groups (GroupID, GroupName, CreatedBy, DateAdded) values (33, 'Praesent blandit lacinia erat.', 30, '03/04/1984');
insert into Groups (GroupID, GroupName, CreatedBy, DateAdded) values (34, 'Morbi vel lectus in quam fringilla rhoncus.', 7, '11/28/1970');
insert into Groups (GroupID, GroupName, CreatedBy, DateAdded) values (35, 'Aliquam erat volutpat. In congue. Etiam justo.', 98, '11/12/2006');
insert into Groups (GroupID, GroupName, CreatedBy, DateAdded) values (36, 'Etiam faucibus cursus urna.', 19, '12/10/2000');
insert into Groups (GroupID, GroupName, CreatedBy, DateAdded) values (37, 'Vivamus metus arcu, adipiscing molestie, hendrerit at, vulputate vitae, nisl. Aenean lectus. Pellentesque eget nunc.', 52, '09/13/1987');
insert into Groups (GroupID, GroupName, CreatedBy, DateAdded) values (38, 'Donec dapibus.', 42, '12/29/1995');
insert into Groups (GroupID, GroupName, CreatedBy, DateAdded) values (39, 'Cras non velit nec nisi vulputate nonummy. Maecenas tincidunt lacus at velit.', 4, '08/11/1982');
insert into Groups (GroupID, GroupName, CreatedBy, DateAdded) values (40, 'Vestibulum sed magna at nunc commodo placerat.', 93, '11/30/1999');
insert into Groups (GroupID, GroupName, CreatedBy, DateAdded) values (41, 'Duis ac nibh. Fusce lacus purus, aliquet at, feugiat non, pretium quis, lectus.', 93, '06/21/2001');
insert into Groups (GroupID, GroupName, CreatedBy, DateAdded) values (42, 'In blandit ultrices enim.', 92, '07/04/2005');
insert into Groups (GroupID, GroupName, CreatedBy, DateAdded) values (43, 'Integer tincidunt ante vel ipsum. Praesent blandit lacinia erat. Vestibulum sed magna at nunc commodo placerat.', 24, '12/07/2017');
insert into Groups (GroupID, GroupName, CreatedBy, DateAdded) values (44, 'Nulla nisl. Nunc nisl. Duis bibendum, felis sed interdum venenatis, turpis enim blandit mi, in porttitor pede justo eu massa.', 18, '05/05/1969');
insert into Groups (GroupID, GroupName, CreatedBy, DateAdded) values (45, 'Vestibulum ante ipsum primis in faucibus orci luctus et ultrices posuere cubilia Curae; Donec pharetra, magna vestibulum aliquet ultrices, erat tortor sollicitudin mi, sit amet lobortis sapien sapien non mi.', 74, '10/09/1964');
insert into Groups (GroupID, GroupName, CreatedBy, DateAdded) values (46, 'Aenean sit amet justo. Morbi ut odio. Cras mi pede, malesuada in, imperdiet et, commodo vulputate, justo.', 59, '07/09/1995');
insert into Groups (GroupID, GroupName, CreatedBy, DateAdded) values (47, 'Morbi a ipsum.', 54, '12/14/1977');
insert into Groups (GroupID, GroupName, CreatedBy, DateAdded) values (48, 'Nulla mollis molestie lorem. Quisque ut erat.', 78, '06/24/1987');
insert into Groups (GroupID, GroupName, CreatedBy, DateAdded) values (49, 'Vivamus in felis eu sapien cursus vestibulum.', 74, '06/24/2010');
insert into Groups (GroupID, GroupName, CreatedBy, DateAdded) values (50, 'Nam congue, risus semper porta volutpat, quam pede lobortis ligula, sit amet eleifend pede libero quis orci.', 12, '11/21/1993');
insert into Groups (GroupID, GroupName, CreatedBy, DateAdded) values (51, 'Fusce posuere felis sed lacus. Morbi sem mauris, laoreet ut, rhoncus aliquet, pulvinar sed, nisl.', 41, '08/18/2003');
insert into Groups (GroupID, GroupName, CreatedBy, DateAdded) values (52, 'Mauris sit amet eros. Suspendisse accumsan tortor quis turpis.', 49, '06/12/2011');
insert into Groups (GroupID, GroupName, CreatedBy, DateAdded) values (53, 'In sagittis dui vel nisl.', 37, '01/04/1960');
insert into Groups (GroupID, GroupName, CreatedBy, DateAdded) values (54, 'Vivamus in felis eu sapien cursus vestibulum.', 16, '08/07/1986');
insert into Groups (GroupID, GroupName, CreatedBy, DateAdded) values (55, 'Aliquam augue quam, sollicitudin vitae, consectetuer eget, rutrum at, lorem.', 71, '04/26/1976');
insert into Groups (GroupID, GroupName, CreatedBy, DateAdded) values (56, 'Suspendisse accumsan tortor quis turpis. Sed ante.', 36, '08/25/1964');
insert into Groups (GroupID, GroupName, CreatedBy, DateAdded) values (57, 'Proin eu mi.', 63, '10/30/1983');
insert into Groups (GroupID, GroupName, CreatedBy, DateAdded) values (58, 'Praesent id massa id nisl venenatis lacinia. Aenean sit amet justo. Morbi ut odio.', 40, '03/18/1977');
insert into Groups (GroupID, GroupName, CreatedBy, DateAdded) values (59, 'Duis bibendum, felis sed interdum venenatis, turpis enim blandit mi, in porttitor pede justo eu massa. Donec dapibus. Duis at velit eu est congue elementum.', 84, '07/08/1962');
insert into Groups (GroupID, GroupName, CreatedBy, DateAdded) values (60, 'Nulla justo. Aliquam quis turpis eget elit sodales scelerisque.', 19, '10/11/2007');
insert into Groups (GroupID, GroupName, CreatedBy, DateAdded) values (61, 'Proin risus.', 19, '03/23/2000');
insert into Groups (GroupID, GroupName, CreatedBy, DateAdded) values (62, 'Vestibulum ante ipsum primis in faucibus orci luctus et ultrices posuere cubilia Curae; Nulla dapibus dolor vel est. Donec odio justo, sollicitudin ut, suscipit a, feugiat et, eros. Vestibulum ac est lacinia nisi venenatis tristique.', 85, '04/02/1986');
insert into Groups (GroupID, GroupName, CreatedBy, DateAdded) values (63, 'Duis bibendum, felis sed interdum venenatis, turpis enim blandit mi, in porttitor pede justo eu massa.', 88, '05/23/1963');
insert into Groups (GroupID, GroupName, CreatedBy, DateAdded) values (64, 'Integer pede justo, lacinia eget, tincidunt eget, tempus vel, pede. Morbi porttitor lorem id ligula.', 95, '04/25/2006');
insert into Groups (GroupID, GroupName, CreatedBy, DateAdded) values (65, 'Vivamus tortor.', 58, '04/26/2020');
insert into Groups (GroupID, GroupName, CreatedBy, DateAdded) values (66, 'Sed accumsan felis.', 97, '01/15/1972');
insert into Groups (GroupID, GroupName, CreatedBy, DateAdded) values (67, 'Vestibulum rutrum rutrum neque. Aenean auctor gravida sem.', 98, '06/27/2014');
insert into Groups (GroupID, GroupName, CreatedBy, DateAdded) values (68, 'Duis at velit eu est congue elementum. In hac habitasse platea dictumst. Morbi vestibulum, velit id pretium iaculis, diam erat fermentum justo, nec condimentum neque sapien placerat ante.', 83, '10/11/2010');
insert into Groups (GroupID, GroupName, CreatedBy, DateAdded) values (69, 'Fusce congue, diam id ornare imperdiet, sapien urna pretium nisl, ut volutpat sapien arcu sed augue. Aliquam erat volutpat.', 89, '06/19/2017');
insert into Groups (GroupID, GroupName, CreatedBy, DateAdded) values (70, 'Fusce posuere felis sed lacus.', 62, '09/01/2014');
insert into Groups (GroupID, GroupName, CreatedBy, DateAdded) values (71, 'Morbi odio odio, elementum eu, interdum eu, tincidunt in, leo. Maecenas pulvinar lobortis est.', 78, '10/22/1997');
insert into Groups (GroupID, GroupName, CreatedBy, DateAdded) values (72, 'Nunc purus.', 2, '12/23/1997');
insert into Groups (GroupID, GroupName, CreatedBy, DateAdded) values (73, 'Donec odio justo, sollicitudin ut, suscipit a, feugiat et, eros.', 32, '06/05/1976');
insert into Groups (GroupID, GroupName, CreatedBy, DateAdded) values (74, 'Morbi porttitor lorem id ligula. Suspendisse ornare consequat lectus. In est risus, auctor sed, tristique in, tempus sit amet, sem.', 54, '06/15/1999');
insert into Groups (GroupID, GroupName, CreatedBy, DateAdded) values (75, 'Maecenas leo odio, condimentum id, luctus nec, molestie sed, justo. Pellentesque viverra pede ac diam. Cras pellentesque volutpat dui.', 47, '06/14/1983');
insert into Groups (GroupID, GroupName, CreatedBy, DateAdded) values (76, 'Fusce posuere felis sed lacus. Morbi sem mauris, laoreet ut, rhoncus aliquet, pulvinar sed, nisl. Nunc rhoncus dui vel sem.', 33, '09/28/1970');
insert into Groups (GroupID, GroupName, CreatedBy, DateAdded) values (77, 'In hac habitasse platea dictumst.', 66, '09/11/2023');
insert into Groups (GroupID, GroupName, CreatedBy, DateAdded) values (78, 'Donec quis orci eget orci vehicula condimentum. Curabitur in libero ut massa volutpat convallis.', 93, '02/04/2006');
insert into Groups (GroupID, GroupName, CreatedBy, DateAdded) values (79, 'Morbi vel lectus in quam fringilla rhoncus. Mauris enim leo, rhoncus sed, vestibulum sit amet, cursus id, turpis. Integer aliquet, massa id lobortis convallis, tortor risus dapibus augue, vel accumsan tellus nisi eu orci.', 71, '06/07/1984');
insert into Groups (GroupID, GroupName, CreatedBy, DateAdded) values (80, 'Proin leo odio, porttitor id, consequat in, consequat ut, nulla. Sed accumsan felis. Ut at dolor quis odio consequat varius.', 98, '05/12/1983');
insert into Groups (GroupID, GroupName, CreatedBy, DateAdded) values (81, 'Praesent blandit. Nam nulla. Integer pede justo, lacinia eget, tincidunt eget, tempus vel, pede.', 64, '08/10/1969');
insert into Groups (GroupID, GroupName, CreatedBy, DateAdded) values (82, 'Mauris lacinia sapien quis libero. Nullam sit amet turpis elementum ligula vehicula consequat.', 74, '09/30/1976');
insert into Groups (GroupID, GroupName, CreatedBy, DateAdded) values (83, 'Nulla ut erat id mauris vulputate elementum.', 51, '01/12/1975');
insert into Groups (GroupID, GroupName, CreatedBy, DateAdded) values (84, 'Nullam orci pede, venenatis non, sodales sed, tincidunt eu, felis. Fusce posuere felis sed lacus. Morbi sem mauris, laoreet ut, rhoncus aliquet, pulvinar sed, nisl.', 46, '01/06/2006');
insert into Groups (GroupID, GroupName, CreatedBy, DateAdded) values (85, 'Vivamus vestibulum sagittis sapien.', 85, '01/26/2009');
insert into Groups (GroupID, GroupName, CreatedBy, DateAdded) values (86, 'Fusce lacus purus, aliquet at, feugiat non, pretium quis, lectus. Suspendisse potenti. In eleifend quam a odio.', 38, '11/14/1996');
insert into Groups (GroupID, GroupName, CreatedBy, DateAdded) values (87, 'Aenean fermentum. Donec ut mauris eget massa tempor convallis.', 10, '03/05/1963');
insert into Groups (GroupID, GroupName, CreatedBy, DateAdded) values (88, 'Fusce consequat. Nulla nisl. Nunc nisl.', 31, '03/22/2018');
insert into Groups (GroupID, GroupName, CreatedBy, DateAdded) values (89, 'Nam congue, risus semper porta volutpat, quam pede lobortis ligula, sit amet eleifend pede libero quis orci.', 28, '12/27/1996');
insert into Groups (GroupID, GroupName, CreatedBy, DateAdded) values (90, 'Vestibulum ante ipsum primis in faucibus orci luctus et ultrices posuere cubilia Curae; Donec pharetra, magna vestibulum aliquet ultrices, erat tortor sollicitudin mi, sit amet lobortis sapien sapien non mi. Integer ac neque. Duis bibendum.', 81, '05/05/1975');
insert into Groups (GroupID, GroupName, CreatedBy, DateAdded) values (91, 'Nam nulla.', 81, '03/02/2012');
insert into Groups (GroupID, GroupName, CreatedBy, DateAdded) values (92, 'Nulla ut erat id mauris vulputate elementum. Nullam varius. Nulla facilisi.', 13, '08/26/2008');
insert into Groups (GroupID, GroupName, CreatedBy, DateAdded) values (93, 'In hac habitasse platea dictumst. Morbi vestibulum, velit id pretium iaculis, diam erat fermentum justo, nec condimentum neque sapien placerat ante.', 10, '08/11/2020');
insert into Groups (GroupID, GroupName, CreatedBy, DateAdded) values (94, 'Vestibulum ante ipsum primis in faucibus orci luctus et ultrices posuere cubilia Curae; Mauris viverra diam vitae quam.', 8, '03/26/1981');
insert into Groups (GroupID, GroupName, CreatedBy, DateAdded) values (95, 'Duis bibendum. Morbi non quam nec dui luctus rutrum. Nulla tellus.', 40, '11/20/2010');
insert into Groups (GroupID, GroupName, CreatedBy, DateAdded) values (96, 'Suspendisse potenti.', 6, '03/21/2002');
insert into Groups (GroupID, GroupName, CreatedBy, DateAdded) values (97, 'Praesent blandit.', 49, '07/20/1965');
insert into Groups (GroupID, GroupName, CreatedBy, DateAdded) values (98, 'Ut at dolor quis odio consequat varius. Integer ac leo. Pellentesque ultrices mattis odio.', 2, '03/24/1988');
insert into Groups (GroupID, GroupName, CreatedBy, DateAdded) values (99, 'Vivamus metus arcu, adipiscing molestie, hendrerit at, vulputate vitae, nisl. Aenean lectus. Pellentesque eget nunc.', 72, '09/18/2011');
insert into Groups (GroupID, GroupName, CreatedBy, DateAdded) values (100, 'Quisque ut erat.', 40, '07/22/2013');
-- ///////////////

insert into Posts (PostID, PostDescription, PostedBy, IsPublic, IsOnlyForFriends, GroupID, DatePosted) values (1, 'Duis bibendum.', 89, false, true, 30, '11/22/1999');
insert into Posts (PostID, PostDescription, PostedBy, IsPublic, IsOnlyForFriends, GroupID, DatePosted) values (2, 'In tempor, turpis nec euismod scelerisque, quam turpis adipiscing lorem, vitae mattis nibh ligula nec sem.', 34, true, false, 58, '08/16/2024');
insert into Posts (PostID, PostDescription, PostedBy, IsPublic, IsOnlyForFriends, GroupID, DatePosted) values (3, 'Etiam pretium iaculis justo.', 81, false, false, 40, '07/31/1963');
insert into Posts (PostID, PostDescription, PostedBy, IsPublic, IsOnlyForFriends, GroupID, DatePosted) values (4, 'Fusce posuere felis sed lacus.', 14, true, true, 10, '11/04/1999');
insert into Posts (PostID, PostDescription, PostedBy, IsPublic, IsOnlyForFriends, GroupID, DatePosted) values (5, 'Maecenas tristique, est et tempus semper, est quam pharetra magna, ac consequat metus sapien ut nunc. Vestibulum ante ipsum primis in faucibus orci luctus et ultrices posuere cubilia Curae; Mauris viverra diam vitae quam. Suspendisse potenti.', 43, true, true, 86, '01/10/1965');
insert into Posts (PostID, PostDescription, PostedBy, IsPublic, IsOnlyForFriends, GroupID, DatePosted) values (6, 'Nam dui. Proin leo odio, porttitor id, consequat in, consequat ut, nulla.', 71, true, false, 29, '07/17/1974');
insert into Posts (PostID, PostDescription, PostedBy, IsPublic, IsOnlyForFriends, GroupID, DatePosted) values (7, 'Cras non velit nec nisi vulputate nonummy. Maecenas tincidunt lacus at velit.', 7, true, false, 29, '08/23/1994');
insert into Posts (PostID, PostDescription, PostedBy, IsPublic, IsOnlyForFriends, GroupID, DatePosted) values (8, 'Integer ac neque. Duis bibendum.', 1, false, false, 71, '03/25/1988');
insert into Posts (PostID, PostDescription, PostedBy, IsPublic, IsOnlyForFriends, GroupID, DatePosted) values (9, 'Maecenas rhoncus aliquam lacus. Morbi quis tortor id nulla ultrices aliquet.', 78, false, false, 51, '06/16/2004');
insert into Posts (PostID, PostDescription, PostedBy, IsPublic, IsOnlyForFriends, GroupID, DatePosted) values (10, 'Vestibulum ante ipsum primis in faucibus orci luctus et ultrices posuere cubilia Curae; Mauris viverra diam vitae quam. Suspendisse potenti.', 40, true, false, 55, '05/31/1977');
insert into Posts (PostID, PostDescription, PostedBy, IsPublic, IsOnlyForFriends, GroupID, DatePosted) values (11, 'Aliquam erat volutpat. In congue.', 16, true, true, 73, '01/27/1970');
insert into Posts (PostID, PostDescription, PostedBy, IsPublic, IsOnlyForFriends, GroupID, DatePosted) values (12, 'In blandit ultrices enim.', 76, true, true, 33, '06/11/2023');
insert into Posts (PostID, PostDescription, PostedBy, IsPublic, IsOnlyForFriends, GroupID, DatePosted) values (13, 'Curabitur at ipsum ac tellus semper interdum.', 29, false, false, 56, '04/01/1996');
insert into Posts (PostID, PostDescription, PostedBy, IsPublic, IsOnlyForFriends, GroupID, DatePosted) values (14, 'Maecenas pulvinar lobortis est. Phasellus sit amet erat. Nulla tempus.', 78, false, false, 91, '04/21/1993');
insert into Posts (PostID, PostDescription, PostedBy, IsPublic, IsOnlyForFriends, GroupID, DatePosted) values (15, 'Quisque arcu libero, rutrum ac, lobortis vel, dapibus at, diam.', 50, false, false, 54, '04/17/1976');
insert into Posts (PostID, PostDescription, PostedBy, IsPublic, IsOnlyForFriends, GroupID, DatePosted) values (16, 'Mauris lacinia sapien quis libero. Nullam sit amet turpis elementum ligula vehicula consequat.', 23, false, false, 76, '08/04/2003');
insert into Posts (PostID, PostDescription, PostedBy, IsPublic, IsOnlyForFriends, GroupID, DatePosted) values (17, 'Curabitur convallis.', 14, false, true, 59, '09/22/2013');
insert into Posts (PostID, PostDescription, PostedBy, IsPublic, IsOnlyForFriends, GroupID, DatePosted) values (18, 'Lorem ipsum dolor sit amet, consectetuer adipiscing elit. Proin risus. Praesent lectus.', 2, true, false, 17, '06/04/1966');
insert into Posts (PostID, PostDescription, PostedBy, IsPublic, IsOnlyForFriends, GroupID, DatePosted) values (19, 'Fusce lacus purus, aliquet at, feugiat non, pretium quis, lectus.', 51, true, false, 39, '03/19/2001');
insert into Posts (PostID, PostDescription, PostedBy, IsPublic, IsOnlyForFriends, GroupID, DatePosted) values (20, 'Morbi porttitor lorem id ligula. Suspendisse ornare consequat lectus.', 36, true, false, 55, '05/13/1964');
insert into Posts (PostID, PostDescription, PostedBy, IsPublic, IsOnlyForFriends, GroupID, DatePosted) values (21, 'Suspendisse accumsan tortor quis turpis. Sed ante.', 95, true, true, 67, '03/29/1968');
insert into Posts (PostID, PostDescription, PostedBy, IsPublic, IsOnlyForFriends, GroupID, DatePosted) values (22, 'Aenean auctor gravida sem.', 67, true, false, 83, '09/02/2014');
insert into Posts (PostID, PostDescription, PostedBy, IsPublic, IsOnlyForFriends, GroupID, DatePosted) values (23, 'Proin eu mi. Nulla ac enim. In tempor, turpis nec euismod scelerisque, quam turpis adipiscing lorem, vitae mattis nibh ligula nec sem.', 65, true, false, 19, '08/10/1988');
insert into Posts (PostID, PostDescription, PostedBy, IsPublic, IsOnlyForFriends, GroupID, DatePosted) values (24, 'Curabitur at ipsum ac tellus semper interdum. Mauris ullamcorper purus sit amet nulla. Quisque arcu libero, rutrum ac, lobortis vel, dapibus at, diam.', 40, false, true, 5, '02/09/2011');
insert into Posts (PostID, PostDescription, PostedBy, IsPublic, IsOnlyForFriends, GroupID, DatePosted) values (25, 'Etiam pretium iaculis justo. In hac habitasse platea dictumst. Etiam faucibus cursus urna.', 68, true, false, 59, '08/29/1980');
insert into Posts (PostID, PostDescription, PostedBy, IsPublic, IsOnlyForFriends, GroupID, DatePosted) values (26, 'Sed sagittis.', 82, false, false, 27, '06/16/1972');
insert into Posts (PostID, PostDescription, PostedBy, IsPublic, IsOnlyForFriends, GroupID, DatePosted) values (27, 'Praesent blandit. Nam nulla.', 79, false, false, 35, '11/14/2016');
insert into Posts (PostID, PostDescription, PostedBy, IsPublic, IsOnlyForFriends, GroupID, DatePosted) values (28, 'Fusce congue, diam id ornare imperdiet, sapien urna pretium nisl, ut volutpat sapien arcu sed augue. Aliquam erat volutpat.', 100, true, false, 64, '02/10/1960');
insert into Posts (PostID, PostDescription, PostedBy, IsPublic, IsOnlyForFriends, GroupID, DatePosted) values (29, 'Donec diam neque, vestibulum eget, vulputate ut, ultrices vel, augue. Vestibulum ante ipsum primis in faucibus orci luctus et ultrices posuere cubilia Curae; Donec pharetra, magna vestibulum aliquet ultrices, erat tortor sollicitudin mi, sit amet lobortis sapien sapien non mi. Integer ac neque.', 95, false, false, 77, '12/31/2020');
insert into Posts (PostID, PostDescription, PostedBy, IsPublic, IsOnlyForFriends, GroupID, DatePosted) values (30, 'Quisque arcu libero, rutrum ac, lobortis vel, dapibus at, diam.', 78, true, true, 41, '06/03/1994');
insert into Posts (PostID, PostDescription, PostedBy, IsPublic, IsOnlyForFriends, GroupID, DatePosted) values (31, 'Cum sociis natoque penatibus et magnis dis parturient montes, nascetur ridiculus mus. Vivamus vestibulum sagittis sapien.', 90, true, true, 51, '07/14/2011');
insert into Posts (PostID, PostDescription, PostedBy, IsPublic, IsOnlyForFriends, GroupID, DatePosted) values (32, 'Quisque ut erat.', 25, true, true, 73, '06/20/1989');
insert into Posts (PostID, PostDescription, PostedBy, IsPublic, IsOnlyForFriends, GroupID, DatePosted) values (33, 'Cras in purus eu magna vulputate luctus. Cum sociis natoque penatibus et magnis dis parturient montes, nascetur ridiculus mus.', 42, false, false, 91, '07/11/1967');
insert into Posts (PostID, PostDescription, PostedBy, IsPublic, IsOnlyForFriends, GroupID, DatePosted) values (34, 'Donec ut mauris eget massa tempor convallis.', 71, false, false, 40, '12/06/2014');
insert into Posts (PostID, PostDescription, PostedBy, IsPublic, IsOnlyForFriends, GroupID, DatePosted) values (35, 'Aliquam augue quam, sollicitudin vitae, consectetuer eget, rutrum at, lorem. Integer tincidunt ante vel ipsum.', 34, true, false, 88, '01/20/1968');
insert into Posts (PostID, PostDescription, PostedBy, IsPublic, IsOnlyForFriends, GroupID, DatePosted) values (36, 'Mauris enim leo, rhoncus sed, vestibulum sit amet, cursus id, turpis. Integer aliquet, massa id lobortis convallis, tortor risus dapibus augue, vel accumsan tellus nisi eu orci.', 73, true, true, 11, '03/12/1971');
insert into Posts (PostID, PostDescription, PostedBy, IsPublic, IsOnlyForFriends, GroupID, DatePosted) values (37, 'Cras pellentesque volutpat dui. Maecenas tristique, est et tempus semper, est quam pharetra magna, ac consequat metus sapien ut nunc.', 6, true, false, 56, '07/28/1962');
insert into Posts (PostID, PostDescription, PostedBy, IsPublic, IsOnlyForFriends, GroupID, DatePosted) values (38, 'Praesent blandit lacinia erat.', 22, false, true, 66, '10/27/2004');
insert into Posts (PostID, PostDescription, PostedBy, IsPublic, IsOnlyForFriends, GroupID, DatePosted) values (39, 'Suspendisse potenti. Nullam porttitor lacus at turpis.', 8, false, false, 49, '02/02/1978');
insert into Posts (PostID, PostDescription, PostedBy, IsPublic, IsOnlyForFriends, GroupID, DatePosted) values (40, 'Donec vitae nisi.', 49, true, true, 9, '03/25/2012');
insert into Posts (PostID, PostDescription, PostedBy, IsPublic, IsOnlyForFriends, GroupID, DatePosted) values (41, 'Morbi vel lectus in quam fringilla rhoncus. Mauris enim leo, rhoncus sed, vestibulum sit amet, cursus id, turpis. Integer aliquet, massa id lobortis convallis, tortor risus dapibus augue, vel accumsan tellus nisi eu orci.', 81, true, false, 23, '10/12/1960');
insert into Posts (PostID, PostDescription, PostedBy, IsPublic, IsOnlyForFriends, GroupID, DatePosted) values (42, 'Proin eu mi.', 1, false, true, 35, '06/04/2010');
insert into Posts (PostID, PostDescription, PostedBy, IsPublic, IsOnlyForFriends, GroupID, DatePosted) values (43, 'Vestibulum ac est lacinia nisi venenatis tristique. Fusce congue, diam id ornare imperdiet, sapien urna pretium nisl, ut volutpat sapien arcu sed augue. Aliquam erat volutpat.', 4, true, false, 79, '01/29/2014');
insert into Posts (PostID, PostDescription, PostedBy, IsPublic, IsOnlyForFriends, GroupID, DatePosted) values (44, 'Maecenas tristique, est et tempus semper, est quam pharetra magna, ac consequat metus sapien ut nunc. Vestibulum ante ipsum primis in faucibus orci luctus et ultrices posuere cubilia Curae; Mauris viverra diam vitae quam.', 46, false, false, 91, '02/23/1985');
insert into Posts (PostID, PostDescription, PostedBy, IsPublic, IsOnlyForFriends, GroupID, DatePosted) values (45, 'Morbi non quam nec dui luctus rutrum. Nulla tellus.', 55, false, true, 32, '06/08/1967');
insert into Posts (PostID, PostDescription, PostedBy, IsPublic, IsOnlyForFriends, GroupID, DatePosted) values (46, 'Donec posuere metus vitae ipsum. Aliquam non mauris.', 77, true, true, 58, '03/27/1980');
insert into Posts (PostID, PostDescription, PostedBy, IsPublic, IsOnlyForFriends, GroupID, DatePosted) values (47, 'Donec vitae nisi. Nam ultrices, libero non mattis pulvinar, nulla pede ullamcorper augue, a suscipit nulla elit ac nulla.', 48, true, false, 76, '04/21/2009');
insert into Posts (PostID, PostDescription, PostedBy, IsPublic, IsOnlyForFriends, GroupID, DatePosted) values (48, 'Maecenas pulvinar lobortis est.', 52, false, true, 3, '05/17/2018');
insert into Posts (PostID, PostDescription, PostedBy, IsPublic, IsOnlyForFriends, GroupID, DatePosted) values (49, 'Mauris enim leo, rhoncus sed, vestibulum sit amet, cursus id, turpis. Integer aliquet, massa id lobortis convallis, tortor risus dapibus augue, vel accumsan tellus nisi eu orci.', 16, false, false, 72, '12/29/1980');
insert into Posts (PostID, PostDescription, PostedBy, IsPublic, IsOnlyForFriends, GroupID, DatePosted) values (50, 'Nulla facilisi. Cras non velit nec nisi vulputate nonummy.', 63, false, false, 82, '07/19/1960');
insert into Posts (PostID, PostDescription, PostedBy, IsPublic, IsOnlyForFriends, GroupID, DatePosted) values (51, 'Maecenas pulvinar lobortis est.', 76, false, true, 56, '09/09/1982');
insert into Posts (PostID, PostDescription, PostedBy, IsPublic, IsOnlyForFriends, GroupID, DatePosted) values (52, 'Maecenas tristique, est et tempus semper, est quam pharetra magna, ac consequat metus sapien ut nunc. Vestibulum ante ipsum primis in faucibus orci luctus et ultrices posuere cubilia Curae; Mauris viverra diam vitae quam.', 79, false, false, 81, '07/14/2001');
insert into Posts (PostID, PostDescription, PostedBy, IsPublic, IsOnlyForFriends, GroupID, DatePosted) values (53, 'In hac habitasse platea dictumst.', 1, false, true, 46, '05/31/1980');
insert into Posts (PostID, PostDescription, PostedBy, IsPublic, IsOnlyForFriends, GroupID, DatePosted) values (54, 'Curabitur in libero ut massa volutpat convallis.', 27, true, true, 67, '01/01/1986');
insert into Posts (PostID, PostDescription, PostedBy, IsPublic, IsOnlyForFriends, GroupID, DatePosted) values (55, 'Proin eu mi. Nulla ac enim.', 9, true, false, 47, '01/29/2021');
insert into Posts (PostID, PostDescription, PostedBy, IsPublic, IsOnlyForFriends, GroupID, DatePosted) values (56, 'Pellentesque at nulla. Suspendisse potenti.', 70, false, true, 82, '05/07/1961');
insert into Posts (PostID, PostDescription, PostedBy, IsPublic, IsOnlyForFriends, GroupID, DatePosted) values (57, 'Suspendisse potenti.', 65, false, true, 52, '09/20/2016');
insert into Posts (PostID, PostDescription, PostedBy, IsPublic, IsOnlyForFriends, GroupID, DatePosted) values (58, 'Vestibulum sed magna at nunc commodo placerat. Praesent blandit. Nam nulla.', 76, false, true, 79, '06/14/2001');
insert into Posts (PostID, PostDescription, PostedBy, IsPublic, IsOnlyForFriends, GroupID, DatePosted) values (59, 'Morbi sem mauris, laoreet ut, rhoncus aliquet, pulvinar sed, nisl. Nunc rhoncus dui vel sem.', 89, false, true, 27, '05/29/1976');
insert into Posts (PostID, PostDescription, PostedBy, IsPublic, IsOnlyForFriends, GroupID, DatePosted) values (60, 'Vestibulum sed magna at nunc commodo placerat.', 43, true, true, 4, '11/12/1996');
insert into Posts (PostID, PostDescription, PostedBy, IsPublic, IsOnlyForFriends, GroupID, DatePosted) values (61, 'Sed vel enim sit amet nunc viverra dapibus. Nulla suscipit ligula in lacus.', 38, false, false, 42, '11/09/1975');
insert into Posts (PostID, PostDescription, PostedBy, IsPublic, IsOnlyForFriends, GroupID, DatePosted) values (62, 'In hac habitasse platea dictumst. Etiam faucibus cursus urna.', 4, false, true, 51, '02/07/1983');
insert into Posts (PostID, PostDescription, PostedBy, IsPublic, IsOnlyForFriends, GroupID, DatePosted) values (63, 'Donec ut dolor.', 58, false, false, 13, '07/03/1978');
insert into Posts (PostID, PostDescription, PostedBy, IsPublic, IsOnlyForFriends, GroupID, DatePosted) values (64, 'Duis at velit eu est congue elementum. In hac habitasse platea dictumst. Morbi vestibulum, velit id pretium iaculis, diam erat fermentum justo, nec condimentum neque sapien placerat ante.', 32, false, true, 27, '01/18/1964');
insert into Posts (PostID, PostDescription, PostedBy, IsPublic, IsOnlyForFriends, GroupID, DatePosted) values (65, 'Duis ac nibh.', 31, true, false, 41, '03/24/2007');
insert into Posts (PostID, PostDescription, PostedBy, IsPublic, IsOnlyForFriends, GroupID, DatePosted) values (66, 'Nulla ut erat id mauris vulputate elementum.', 15, true, false, 59, '01/23/1979');
insert into Posts (PostID, PostDescription, PostedBy, IsPublic, IsOnlyForFriends, GroupID, DatePosted) values (67, 'Aenean sit amet justo. Morbi ut odio. Cras mi pede, malesuada in, imperdiet et, commodo vulputate, justo.', 23, true, true, 14, '02/12/1999');
insert into Posts (PostID, PostDescription, PostedBy, IsPublic, IsOnlyForFriends, GroupID, DatePosted) values (68, 'Sed vel enim sit amet nunc viverra dapibus. Nulla suscipit ligula in lacus. Curabitur at ipsum ac tellus semper interdum.', 32, false, true, 56, '01/21/1992');
insert into Posts (PostID, PostDescription, PostedBy, IsPublic, IsOnlyForFriends, GroupID, DatePosted) values (69, 'Nulla neque libero, convallis eget, eleifend luctus, ultricies eu, nibh.', 75, false, true, 98, '03/18/2012');
insert into Posts (PostID, PostDescription, PostedBy, IsPublic, IsOnlyForFriends, GroupID, DatePosted) values (70, 'Duis consequat dui nec nisi volutpat eleifend. Donec ut dolor.', 39, false, true, 48, '08/02/1981');
insert into Posts (PostID, PostDescription, PostedBy, IsPublic, IsOnlyForFriends, GroupID, DatePosted) values (71, 'Nullam varius. Nulla facilisi.', 41, true, false, 34, '02/22/2016');
insert into Posts (PostID, PostDescription, PostedBy, IsPublic, IsOnlyForFriends, GroupID, DatePosted) values (72, 'Suspendisse potenti. Cras in purus eu magna vulputate luctus.', 78, true, false, 52, '08/15/1965');
insert into Posts (PostID, PostDescription, PostedBy, IsPublic, IsOnlyForFriends, GroupID, DatePosted) values (73, 'Fusce consequat. Nulla nisl. Nunc nisl.', 30, false, false, 13, '06/01/1973');
insert into Posts (PostID, PostDescription, PostedBy, IsPublic, IsOnlyForFriends, GroupID, DatePosted) values (74, 'Vestibulum quam sapien, varius ut, blandit non, interdum in, ante.', 48, true, true, 79, '09/08/2022');
insert into Posts (PostID, PostDescription, PostedBy, IsPublic, IsOnlyForFriends, GroupID, DatePosted) values (75, 'Etiam faucibus cursus urna. Ut tellus. Nulla ut erat id mauris vulputate elementum.', 97, true, false, 94, '07/15/1979');
insert into Posts (PostID, PostDescription, PostedBy, IsPublic, IsOnlyForFriends, GroupID, DatePosted) values (76, 'Morbi porttitor lorem id ligula. Suspendisse ornare consequat lectus.', 72, true, false, 22, '03/10/2015');
insert into Posts (PostID, PostDescription, PostedBy, IsPublic, IsOnlyForFriends, GroupID, DatePosted) values (77, 'Lorem ipsum dolor sit amet, consectetuer adipiscing elit.', 5, false, true, 90, '12/07/1991');
insert into Posts (PostID, PostDescription, PostedBy, IsPublic, IsOnlyForFriends, GroupID, DatePosted) values (78, 'Aenean auctor gravida sem. Praesent id massa id nisl venenatis lacinia. Aenean sit amet justo.', 6, false, false, 68, '01/26/1982');
insert into Posts (PostID, PostDescription, PostedBy, IsPublic, IsOnlyForFriends, GroupID, DatePosted) values (79, 'Proin eu mi.', 77, true, false, 19, '07/25/1965');
insert into Posts (PostID, PostDescription, PostedBy, IsPublic, IsOnlyForFriends, GroupID, DatePosted) values (80, 'Ut tellus. Nulla ut erat id mauris vulputate elementum. Nullam varius.', 55, true, true, 17, '02/13/1971');
insert into Posts (PostID, PostDescription, PostedBy, IsPublic, IsOnlyForFriends, GroupID, DatePosted) values (81, 'Aenean auctor gravida sem. Praesent id massa id nisl venenatis lacinia. Aenean sit amet justo.', 35, false, false, 31, '12/15/2001');
insert into Posts (PostID, PostDescription, PostedBy, IsPublic, IsOnlyForFriends, GroupID, DatePosted) values (82, 'In hac habitasse platea dictumst. Aliquam augue quam, sollicitudin vitae, consectetuer eget, rutrum at, lorem.', 80, false, true, 53, '11/28/2021');
insert into Posts (PostID, PostDescription, PostedBy, IsPublic, IsOnlyForFriends, GroupID, DatePosted) values (83, 'Curabitur in libero ut massa volutpat convallis.', 54, false, true, 26, '04/27/2001');
insert into Posts (PostID, PostDescription, PostedBy, IsPublic, IsOnlyForFriends, GroupID, DatePosted) values (84, 'Nunc nisl.', 27, true, true, 48, '09/26/1989');
insert into Posts (PostID, PostDescription, PostedBy, IsPublic, IsOnlyForFriends, GroupID, DatePosted) values (85, 'Donec odio justo, sollicitudin ut, suscipit a, feugiat et, eros.', 60, false, true, 24, '05/09/1994');
insert into Posts (PostID, PostDescription, PostedBy, IsPublic, IsOnlyForFriends, GroupID, DatePosted) values (86, 'Vestibulum ac est lacinia nisi venenatis tristique. Fusce congue, diam id ornare imperdiet, sapien urna pretium nisl, ut volutpat sapien arcu sed augue.', 53, false, false, 11, '03/16/2000');
insert into Posts (PostID, PostDescription, PostedBy, IsPublic, IsOnlyForFriends, GroupID, DatePosted) values (87, 'Aenean lectus. Pellentesque eget nunc.', 11, false, true, 23, '01/06/1988');
insert into Posts (PostID, PostDescription, PostedBy, IsPublic, IsOnlyForFriends, GroupID, DatePosted) values (88, 'Integer a nibh.', 87, false, true, 94, '07/19/1971');
insert into Posts (PostID, PostDescription, PostedBy, IsPublic, IsOnlyForFriends, GroupID, DatePosted) values (89, 'Quisque id justo sit amet sapien dignissim vestibulum. Vestibulum ante ipsum primis in faucibus orci luctus et ultrices posuere cubilia Curae; Nulla dapibus dolor vel est.', 96, true, false, 1, '07/22/2013');
insert into Posts (PostID, PostDescription, PostedBy, IsPublic, IsOnlyForFriends, GroupID, DatePosted) values (90, 'Nullam porttitor lacus at turpis. Donec posuere metus vitae ipsum.', 9, false, false, 96, '02/01/1973');
insert into Posts (PostID, PostDescription, PostedBy, IsPublic, IsOnlyForFriends, GroupID, DatePosted) values (91, 'In congue. Etiam justo. Etiam pretium iaculis justo.', 75, true, true, 1, '03/27/2004');
insert into Posts (PostID, PostDescription, PostedBy, IsPublic, IsOnlyForFriends, GroupID, DatePosted) values (92, 'Cras pellentesque volutpat dui.', 59, false, false, 5, '11/27/1978');
insert into Posts (PostID, PostDescription, PostedBy, IsPublic, IsOnlyForFriends, GroupID, DatePosted) values (93, 'Nunc purus. Phasellus in felis.', 16, false, false, 70, '04/28/1987');
insert into Posts (PostID, PostDescription, PostedBy, IsPublic, IsOnlyForFriends, GroupID, DatePosted) values (94, 'Donec diam neque, vestibulum eget, vulputate ut, ultrices vel, augue. Vestibulum ante ipsum primis in faucibus orci luctus et ultrices posuere cubilia Curae; Donec pharetra, magna vestibulum aliquet ultrices, erat tortor sollicitudin mi, sit amet lobortis sapien sapien non mi.', 88, false, true, 14, '05/04/1996');
insert into Posts (PostID, PostDescription, PostedBy, IsPublic, IsOnlyForFriends, GroupID, DatePosted) values (95, 'Mauris sit amet eros. Suspendisse accumsan tortor quis turpis.', 90, false, true, 65, '01/03/1998');
insert into Posts (PostID, PostDescription, PostedBy, IsPublic, IsOnlyForFriends, GroupID, DatePosted) values (96, 'Donec diam neque, vestibulum eget, vulputate ut, ultrices vel, augue. Vestibulum ante ipsum primis in faucibus orci luctus et ultrices posuere cubilia Curae; Donec pharetra, magna vestibulum aliquet ultrices, erat tortor sollicitudin mi, sit amet lobortis sapien sapien non mi. Integer ac neque.', 47, false, true, 35, '12/11/1999');
insert into Posts (PostID, PostDescription, PostedBy, IsPublic, IsOnlyForFriends, GroupID, DatePosted) values (97, 'Morbi vestibulum, velit id pretium iaculis, diam erat fermentum justo, nec condimentum neque sapien placerat ante. Nulla justo. Aliquam quis turpis eget elit sodales scelerisque.', 93, true, false, 61, '07/28/1967');
insert into Posts (PostID, PostDescription, PostedBy, IsPublic, IsOnlyForFriends, GroupID, DatePosted) values (98, 'Aenean sit amet justo. Morbi ut odio.', 44, false, true, 81, '11/06/1992');
insert into Posts (PostID, PostDescription, PostedBy, IsPublic, IsOnlyForFriends, GroupID, DatePosted) values (99, 'Morbi sem mauris, laoreet ut, rhoncus aliquet, pulvinar sed, nisl. Nunc rhoncus dui vel sem.', 98, false, true, 1, '03/04/2004');
insert into Posts (PostID, PostDescription, PostedBy, IsPublic, IsOnlyForFriends, GroupID, DatePosted) values (100, 'Curabitur in libero ut massa volutpat convallis. Morbi odio odio, elementum eu, interdum eu, tincidunt in, leo. Maecenas pulvinar lobortis est.', 71, false, false, 34, '12/18/1969');
-- ////

insert into Users (UserID, Username, FirstName, LastName, DateOfBirth, Password, DateAdded) values (1, 'dpatis0', 'Davide', 'Patis', '10/31/1970', 'pK1=!KOu2SEn`', '05/07/1993');
insert into Users (UserID, Username, FirstName, LastName, DateOfBirth, Password, DateAdded) values (2, 'fsey1', 'Fania', 'Sey', '10/06/1985', 'gT8|)e!M', '07/08/1971');
insert into Users (UserID, Username, FirstName, LastName, DateOfBirth, Password, DateAdded) values (3, 'ehavock2', 'Evyn', 'Havock', '07/11/1962', 'lY9~0KXj|}', '07/26/1983');
insert into Users (UserID, Username, FirstName, LastName, DateOfBirth, Password, DateAdded) values (4, 'pfranke3', 'Philly', 'Franke', '06/29/1974', 'cA0''dp.\.', '12/17/1986');
insert into Users (UserID, Username, FirstName, LastName, DateOfBirth, Password, DateAdded) values (5, 'ylaxe4', 'Yale', 'Laxe', '08/27/1997', 'uO7=/l''!6A+', '10/30/1990');
insert into Users (UserID, Username, FirstName, LastName, DateOfBirth, Password, DateAdded) values (6, 'rpanyer5', 'Raine', 'Panyer', '06/12/2024', 'hM0''}{bcQ7yX!', '10/24/1960');
insert into Users (UserID, Username, FirstName, LastName, DateOfBirth, Password, DateAdded) values (7, 'lpaule6', 'Lotty', 'Paule', '11/16/1963', 'nI7+5|~Jx"(S', '02/26/1964');
insert into Users (UserID, Username, FirstName, LastName, DateOfBirth, Password, DateAdded) values (8, 'afarloe7', 'Abbott', 'Farloe', '06/15/1972', 'mE5.Oz~0,kVx%OJ', '12/19/1981');
insert into Users (UserID, Username, FirstName, LastName, DateOfBirth, Password, DateAdded) values (9, 'wgoldstein8', 'Wain', 'Goldstein', '06/05/2021', 'kX3)ETZ!P6Pnj', '12/02/2008');
insert into Users (UserID, Username, FirstName, LastName, DateOfBirth, Password, DateAdded) values (10, 'lwaiton9', 'Lucho', 'Waiton', '02/04/2003', 'nE7\@b.=u_Urct', '12/29/1975');
insert into Users (UserID, Username, FirstName, LastName, DateOfBirth, Password, DateAdded) values (11, 'jsplaina', 'Jany', 'Splain', '04/28/1970', 'kB3,KT06OAT', '01/18/2005');
insert into Users (UserID, Username, FirstName, LastName, DateOfBirth, Password, DateAdded) values (12, 'tgowardb', 'Tiphani', 'Goward', '04/23/2008', 'mI7/ixogO&WilfB', '02/08/1970');
insert into Users (UserID, Username, FirstName, LastName, DateOfBirth, Password, DateAdded) values (13, 'ohenkerc', 'Ophelia', 'Henker', '02/13/1966', 'zA4\Sp\MpV)+K', '06/23/2009');
insert into Users (UserID, Username, FirstName, LastName, DateOfBirth, Password, DateAdded) values (14, 'ethumannd', 'Eddy', 'Thumann', '11/23/1962', 'tQ4@''JVZ59W=O', '01/29/1997');
insert into Users (UserID, Username, FirstName, LastName, DateOfBirth, Password, DateAdded) values (15, 'ldunne', 'Lauretta', 'Dunn', '05/04/2014', 'tJ8|i=oX`', '08/15/1971');
insert into Users (UserID, Username, FirstName, LastName, DateOfBirth, Password, DateAdded) values (16, 'ylapishf', 'Yettie', 'Lapish', '10/03/1995', 'xU6*\|dPG+B3', '02/23/1964');
insert into Users (UserID, Username, FirstName, LastName, DateOfBirth, Password, DateAdded) values (17, 'bgolthorppg', 'Bernetta', 'Golthorpp', '01/02/1974', 'cL8,u=?2', '07/16/2023');
insert into Users (UserID, Username, FirstName, LastName, DateOfBirth, Password, DateAdded) values (18, 'jliddicoath', 'Jacquenette', 'Liddicoat', '12/08/2010', 'lY9``C)"@xav', '01/19/2001');
insert into Users (UserID, Username, FirstName, LastName, DateOfBirth, Password, DateAdded) values (19, 'jtynemouthi', 'Jorie', 'Tynemouth', '10/10/2003', 'hA7("$n1+RMA9yu', '03/24/1971');
insert into Users (UserID, Username, FirstName, LastName, DateOfBirth, Password, DateAdded) values (20, 'mragdalej', 'Marylou', 'Ragdale', '05/23/2021', 'gW0(X''8>+`hu', '02/03/2013');
insert into Users (UserID, Username, FirstName, LastName, DateOfBirth, Password, DateAdded) values (21, 'rmacritchiek', 'Rica', 'MacRitchie', '12/09/2018', 'kI0*!\U#i=', '04/05/2024');
insert into Users (UserID, Username, FirstName, LastName, DateOfBirth, Password, DateAdded) values (22, 'cclulowl', 'Cornall', 'Clulow', '10/08/2016', 'jP1<fyz/XafQ', '03/08/1981');
insert into Users (UserID, Username, FirstName, LastName, DateOfBirth, Password, DateAdded) values (23, 'mscollickm', 'Mil', 'Scollick', '05/28/1992', 'fJ0$(UO)Au', '10/29/2018');
insert into Users (UserID, Username, FirstName, LastName, DateOfBirth, Password, DateAdded) values (24, 'kwoloschinn', 'Katina', 'Woloschin', '11/21/1997', 'bG4.NjhyWl>|', '06/07/1971');
insert into Users (UserID, Username, FirstName, LastName, DateOfBirth, Password, DateAdded) values (25, 'cmedlero', 'Charlene', 'Medler', '08/06/1966', 'vF1#Lcct_%', '06/09/1979');
insert into Users (UserID, Username, FirstName, LastName, DateOfBirth, Password, DateAdded) values (26, 'jdyersp', 'Josephine', 'Dyers', '03/12/2006', 'gW4\w\jDF/u}~', '07/14/1989');
insert into Users (UserID, Username, FirstName, LastName, DateOfBirth, Password, DateAdded) values (27, 'cjanuq', 'Colver', 'Janu', '06/16/2013', 'vV5!|cm2,', '11/02/1989');
insert into Users (UserID, Username, FirstName, LastName, DateOfBirth, Password, DateAdded) values (28, 'iweeklandr', 'Ingunna', 'Weekland', '08/28/2008', 'hY9+r2Pp', '10/19/2023');
insert into Users (UserID, Username, FirstName, LastName, DateOfBirth, Password, DateAdded) values (29, 'galejos', 'Geoff', 'Alejo', '07/30/1978', 'fB2*GQJijm*razYQ', '12/19/2016');
insert into Users (UserID, Username, FirstName, LastName, DateOfBirth, Password, DateAdded) values (30, 'elanferet', 'Elberta', 'Lanfere', '04/23/1976', 'fU2@4cBHlr%', '05/18/2000');
insert into Users (UserID, Username, FirstName, LastName, DateOfBirth, Password, DateAdded) values (31, 'agwyeru', 'Alexis', 'Gwyer', '02/22/2021', 'lH9|SRi6u', '05/17/1996');
insert into Users (UserID, Username, FirstName, LastName, DateOfBirth, Password, DateAdded) values (32, 'vcollcuttv', 'Van', 'Collcutt', '06/23/1979', 'eC1{QWhqP\!', '07/31/1996');
insert into Users (UserID, Username, FirstName, LastName, DateOfBirth, Password, DateAdded) values (33, 'rhabletw', 'Rhoda', 'Hablet', '08/06/1996', 'aH8#Ht0wET', '07/18/1980');
insert into Users (UserID, Username, FirstName, LastName, DateOfBirth, Password, DateAdded) values (34, 'jmcarthurx', 'Jule', 'McArthur', '05/09/2016', 'pZ9!sCaL$gEITV5T', '07/23/1975');
insert into Users (UserID, Username, FirstName, LastName, DateOfBirth, Password, DateAdded) values (35, 'ealflatty', 'Efrem', 'Alflatt', '08/04/1984', 'vL9"#i~{', '12/16/2021');
insert into Users (UserID, Username, FirstName, LastName, DateOfBirth, Password, DateAdded) values (36, 'rbanaszczykz', 'Revkah', 'Banaszczyk', '05/01/1971', 'bW1@H20}p#GO"', '08/14/2005');
insert into Users (UserID, Username, FirstName, LastName, DateOfBirth, Password, DateAdded) values (37, 'dwoolgar10', 'Dav', 'Woolgar', '02/05/1976', 'kN5)@!Lm2', '06/05/2005');
insert into Users (UserID, Username, FirstName, LastName, DateOfBirth, Password, DateAdded) values (38, 'cpinkard11', 'Clarke', 'Pinkard', '04/13/2006', 'oT1<u(V6', '04/20/2015');
insert into Users (UserID, Username, FirstName, LastName, DateOfBirth, Password, DateAdded) values (39, 'saistrop12', 'Sydel', 'Aistrop', '05/10/1985', 'nM0_*S4Y68Ynz', '10/09/1997');
insert into Users (UserID, Username, FirstName, LastName, DateOfBirth, Password, DateAdded) values (40, 'weaddy13', 'Winnie', 'Eaddy', '09/22/1971', 'oX7|i_\L{<lZ''n&', '09/14/1997');
insert into Users (UserID, Username, FirstName, LastName, DateOfBirth, Password, DateAdded) values (41, 'tfarncomb14', 'Trever', 'Farncomb', '04/05/1968', 'zI9\BE`JwqVH0l#8', '06/06/1969');
insert into Users (UserID, Username, FirstName, LastName, DateOfBirth, Password, DateAdded) values (42, 'ehalsey15', 'Eustace', 'Halsey', '06/27/1984', 'yZ3&igrCTYTN', '03/10/2006');
insert into Users (UserID, Username, FirstName, LastName, DateOfBirth, Password, DateAdded) values (43, 'istange16', 'Ianthe', 'St Ange', '08/27/1975', 'sR0|<ftf6@5MuClb', '03/24/1982');
insert into Users (UserID, Username, FirstName, LastName, DateOfBirth, Password, DateAdded) values (44, 'ughelardi17', 'Ursa', 'Ghelardi', '04/17/2007', 'fU2@11,&a', '05/08/1998');
insert into Users (UserID, Username, FirstName, LastName, DateOfBirth, Password, DateAdded) values (45, 'fkob18', 'Falito', 'Kob', '06/08/2015', 'lK7<YdJW.h''BV@', '07/12/1968');
insert into Users (UserID, Username, FirstName, LastName, DateOfBirth, Password, DateAdded) values (46, 'fquibell19', 'Fredi', 'Quibell', '07/26/1992', 'lD4>Q5''PNp\S''7Ph', '05/08/2006');
insert into Users (UserID, Username, FirstName, LastName, DateOfBirth, Password, DateAdded) values (47, 'nrogers1a', 'Nicolais', 'Rogers', '03/27/1986', 'uC0_=`*M9|''''.', '08/05/1974');
insert into Users (UserID, Username, FirstName, LastName, DateOfBirth, Password, DateAdded) values (48, 'agorler1b', 'Afton', 'Gorler', '06/11/2021', 'pR2$?v)huU_w', '02/27/1963');
insert into Users (UserID, Username, FirstName, LastName, DateOfBirth, Password, DateAdded) values (49, 'tbugden1c', 'Terrel', 'Bugden', '12/12/2015', 'lW5}Nltc}V?"H7', '11/11/1960');
insert into Users (UserID, Username, FirstName, LastName, DateOfBirth, Password, DateAdded) values (50, 'aturnell1d', 'Alfi', 'Turnell', '12/01/1987', 'fJ1?fmBqmpY0W!', '02/19/1974');
insert into Users (UserID, Username, FirstName, LastName, DateOfBirth, Password, DateAdded) values (51, 'mdivers1e', 'Mariejeanne', 'Divers', '04/19/1978', 'uJ9/znm~Er5r', '02/19/2006');
insert into Users (UserID, Username, FirstName, LastName, DateOfBirth, Password, DateAdded) values (52, 'cdrakes1f', 'Cariotta', 'Drakes', '08/27/2015', 'dO2''ADxZ\>U', '09/30/1974');
insert into Users (UserID, Username, FirstName, LastName, DateOfBirth, Password, DateAdded) values (53, 'plunck1g', 'Peder', 'Lunck', '03/29/2016', 'uS5=lmBkaO2`"4m>', '09/06/1993');
insert into Users (UserID, Username, FirstName, LastName, DateOfBirth, Password, DateAdded) values (54, 'ddericut1h', 'Dov', 'Dericut', '07/04/2011', 'uB0&*F3l5RkC?{1n', '06/13/1979');
insert into Users (UserID, Username, FirstName, LastName, DateOfBirth, Password, DateAdded) values (55, 'cvittore1i', 'Corrinne', 'Vittore', '06/17/1997', 'lY8(xq=v?Q{G4`}', '11/07/1975');
insert into Users (UserID, Username, FirstName, LastName, DateOfBirth, Password, DateAdded) values (56, 'ccalifornia1j', 'Celeste', 'California', '05/31/2011', 'vI9|=z67d', '05/04/1965');
insert into Users (UserID, Username, FirstName, LastName, DateOfBirth, Password, DateAdded) values (57, 'fwardhough1k', 'Finn', 'Wardhough', '07/29/2013', 'eC7%+u+xlju', '06/12/1982');
insert into Users (UserID, Username, FirstName, LastName, DateOfBirth, Password, DateAdded) values (58, 'oeck1l', 'Opalina', 'Eck', '04/17/2003', 'vZ6*L"2V~m', '07/02/2016');
insert into Users (UserID, Username, FirstName, LastName, DateOfBirth, Password, DateAdded) values (59, 'roxtarby1m', 'Raimondo', 'Oxtarby', '08/29/1992', 'cM5?`cU4', '11/30/2011');
insert into Users (UserID, Username, FirstName, LastName, DateOfBirth, Password, DateAdded) values (60, 'echomiszewski1n', 'Esmaria', 'Chomiszewski', '09/08/2001', 'gO2_1''2"i', '10/04/1980');
insert into Users (UserID, Username, FirstName, LastName, DateOfBirth, Password, DateAdded) values (61, 'pketchell1o', 'Petunia', 'Ketchell', '02/27/2015', 'zG9`%Z{k,)>{qGiI', '09/22/2003');
insert into Users (UserID, Username, FirstName, LastName, DateOfBirth, Password, DateAdded) values (62, 'tdyet1p', 'Terrye', 'Dyet', '05/03/1996', 'gS6)zk*>.>9A1W0`', '07/17/2021');
insert into Users (UserID, Username, FirstName, LastName, DateOfBirth, Password, DateAdded) values (63, 'rthominga1q', 'Robin', 'Thominga', '05/21/1967', 'sT1+|i.!R.Wm', '04/08/1975');
insert into Users (UserID, Username, FirstName, LastName, DateOfBirth, Password, DateAdded) values (64, 'spote1r', 'Sonia', 'Pote', '04/09/2011', 'bS0,7<_7S', '05/21/2019');
insert into Users (UserID, Username, FirstName, LastName, DateOfBirth, Password, DateAdded) values (65, 'jdye1s', 'Jolee', 'Dye', '07/23/1989', 'yW0|MK$&V`gGK&E|', '06/18/2018');
insert into Users (UserID, Username, FirstName, LastName, DateOfBirth, Password, DateAdded) values (66, 'achastelain1t', 'Ashleigh', 'Chastelain', '11/02/1964', 'hX6`=HQL7Ym.zT', '04/03/1983');
insert into Users (UserID, Username, FirstName, LastName, DateOfBirth, Password, DateAdded) values (67, 'scroisdall1u', 'Solly', 'Croisdall', '11/15/1967', 'lZ6''TzS1', '12/11/2007');
insert into Users (UserID, Username, FirstName, LastName, DateOfBirth, Password, DateAdded) values (68, 'ckapiloff1v', 'Cleo', 'Kapiloff', '12/16/1998', 'hG2{vjbEzOcF', '10/04/2005');
insert into Users (UserID, Username, FirstName, LastName, DateOfBirth, Password, DateAdded) values (69, 'tilyunin1w', 'Tanya', 'Ilyunin', '11/22/1981', 'yG8*!E7\~r', '05/01/1978');
insert into Users (UserID, Username, FirstName, LastName, DateOfBirth, Password, DateAdded) values (70, 'rbidgood1x', 'Reid', 'Bidgood', '03/10/1994', 'cE1(AKE2Fv/*', '06/08/1960');
insert into Users (UserID, Username, FirstName, LastName, DateOfBirth, Password, DateAdded) values (71, 'gfoley1y', 'Gabie', 'Foley', '11/05/2023', 'rU9/O,Nd.E}', '10/12/2009');
insert into Users (UserID, Username, FirstName, LastName, DateOfBirth, Password, DateAdded) values (72, 'isimonelli1z', 'Ilka', 'Simonelli', '08/12/2001', 'nL6_~O2b"AcEFkM', '05/14/2006');
insert into Users (UserID, Username, FirstName, LastName, DateOfBirth, Password, DateAdded) values (73, 'jdegenhardt20', 'Jessey', 'Degenhardt', '07/28/1966', 'rG3,%7veYEF', '05/30/2003');
insert into Users (UserID, Username, FirstName, LastName, DateOfBirth, Password, DateAdded) values (74, 'wholcroft21', 'Weidar', 'Holcroft', '03/31/1976', 'xE9/A(+f)QH7t<K', '04/22/2011');
insert into Users (UserID, Username, FirstName, LastName, DateOfBirth, Password, DateAdded) values (75, 'dren22', 'Denney', 'Ren', '05/18/1983', 'pZ6&j4J`h,q6', '12/05/1966');
insert into Users (UserID, Username, FirstName, LastName, DateOfBirth, Password, DateAdded) values (76, 'cpilipets23', 'Carmine', 'Pilipets', '03/21/2009', 'nU1}g$w%bt', '11/23/2010');
insert into Users (UserID, Username, FirstName, LastName, DateOfBirth, Password, DateAdded) values (77, 'golczyk24', 'Giacomo', 'Olczyk', '08/27/2012', 'hP4!=%"(/B', '05/28/2016');
insert into Users (UserID, Username, FirstName, LastName, DateOfBirth, Password, DateAdded) values (78, 'sboshier25', 'Shelbi', 'Boshier', '11/23/1992', 'mP6.1qv3%R5', '08/24/2001');
insert into Users (UserID, Username, FirstName, LastName, DateOfBirth, Password, DateAdded) values (79, 'dcollister26', 'Daveta', 'Collister', '03/01/1982', 'kA8_Uc6rd*+', '07/19/1983');
insert into Users (UserID, Username, FirstName, LastName, DateOfBirth, Password, DateAdded) values (80, 'mjeckell27', 'Melly', 'Jeckell', '12/22/1979', 'cW7%/a''BG"=', '08/02/2023');
insert into Users (UserID, Username, FirstName, LastName, DateOfBirth, Password, DateAdded) values (81, 'tprettjohn28', 'Tiebout', 'Prettjohn', '02/17/1975', 'gG0''qT@7Io`/''ji', '10/22/1961');
insert into Users (UserID, Username, FirstName, LastName, DateOfBirth, Password, DateAdded) values (82, 'bchainey29', 'Beatrisa', 'Chainey', '11/05/1976', 'rA7<h(VkWkaT0', '09/06/2006');
insert into Users (UserID, Username, FirstName, LastName, DateOfBirth, Password, DateAdded) values (83, 'lmoseby2a', 'Lanae', 'Moseby', '10/10/1965', 'pS8*c3+{%tw8,J\', '03/25/1963');
insert into Users (UserID, Username, FirstName, LastName, DateOfBirth, Password, DateAdded) values (84, 'kantonazzi2b', 'Kimbra', 'Antonazzi', '04/16/1986', 'mI6!Z|IHwd!', '02/25/1989');
insert into Users (UserID, Username, FirstName, LastName, DateOfBirth, Password, DateAdded) values (85, 'ddarrach2c', 'Dalt', 'Darrach', '04/08/1966', 'uZ4,C9<dPMb5', '08/03/2022');
insert into Users (UserID, Username, FirstName, LastName, DateOfBirth, Password, DateAdded) values (86, 'nakred2d', 'Nicolle', 'Akred', '07/26/2024', 'xX9!Wmo0tq%x', '05/19/1973');
insert into Users (UserID, Username, FirstName, LastName, DateOfBirth, Password, DateAdded) values (87, 'adenniston2e', 'Annetta', 'Denniston', '06/13/1966', 'aL4~`10=E5}M@', '02/11/2003');
insert into Users (UserID, Username, FirstName, LastName, DateOfBirth, Password, DateAdded) values (88, 'ndeare2f', 'Niven', 'Deare', '06/18/1987', 'dH4`9XZ\5zKh7X@', '06/26/1977');
insert into Users (UserID, Username, FirstName, LastName, DateOfBirth, Password, DateAdded) values (89, 'apietersen2g', 'Addie', 'Pietersen', '04/15/1963', 'uO1%l_UHSvc.`P\', '10/27/1977');
insert into Users (UserID, Username, FirstName, LastName, DateOfBirth, Password, DateAdded) values (90, 'egude2h', 'Eduardo', 'Gude', '04/22/1987', 'cP2"i$cq1GG,', '11/17/1993');
insert into Users (UserID, Username, FirstName, LastName, DateOfBirth, Password, DateAdded) values (91, 'bjakubovits2i', 'Bram', 'Jakubovits', '11/21/1993', 'aK2)7MiM', '01/27/1982');
insert into Users (UserID, Username, FirstName, LastName, DateOfBirth, Password, DateAdded) values (92, 'dshoppee2j', 'Derron', 'Shoppee', '07/21/1967', 'uL5_im\pfP%91WGl', '09/04/2007');
insert into Users (UserID, Username, FirstName, LastName, DateOfBirth, Password, DateAdded) values (93, 'byatman2k', 'Beryle', 'Yatman', '03/05/1986', 'jY6!WE5s5)', '09/13/1965');
insert into Users (UserID, Username, FirstName, LastName, DateOfBirth, Password, DateAdded) values (94, 'kcardillo2l', 'Kris', 'Cardillo', '08/07/1978', 'cB5$r9HC=', '12/09/1983');
insert into Users (UserID, Username, FirstName, LastName, DateOfBirth, Password, DateAdded) values (95, 'llewer2m', 'Lilia', 'Lewer', '02/06/1998', 'yI5(1Rg*rPD', '12/25/2001');
insert into Users (UserID, Username, FirstName, LastName, DateOfBirth, Password, DateAdded) values (96, 'oarnison2n', 'Odell', 'Arnison', '12/22/1977', 'aF2''0"_h`PvMmBQ', '01/14/2010');
insert into Users (UserID, Username, FirstName, LastName, DateOfBirth, Password, DateAdded) values (97, 'edominey2o', 'Ennis', 'Dominey', '11/03/1975', 'gV3#V%3YfNmGB', '01/25/1996');
insert into Users (UserID, Username, FirstName, LastName, DateOfBirth, Password, DateAdded) values (98, 'igiriardelli2p', 'Iolanthe', 'Giriardelli', '04/10/1992', 'hV8\IZ"gR', '01/08/2000');
insert into Users (UserID, Username, FirstName, LastName, DateOfBirth, Password, DateAdded) values (99, 'ftipler2q', 'Francisca', 'Tipler', '06/22/1978', 'mH6+f$4so2''X', '11/08/1960');
insert into Users (UserID, Username, FirstName, LastName, DateOfBirth, Password, DateAdded) values (100, 'lwimpenny2r', 'Lesly', 'Wimpenny', '12/12/2002', 'mV6=d#u*', '12/05/2023');
